{
"type": "FeatureCollection",
"name": "louvre-rooms",
"features": [
{ "type": "Feature", "properties": { "feature_id": "osm-way-451560039", "osm_way_id": "451560039", "osm_version": "2", "level": "-2", "name": "Amis du Louvre - espace membres", "description": "Mapped indoor room at the Louvre Museum.", "source_url": "https://www.openstreetmap.org/way/451560039" }, "geometry": { "type": "Polygon", "coordinates": [ [ [ 2.3354904, 48.8608673 ], [ 2.3354476, 48.8608767 ], [ 2.3354293, 48.8608402 ], [ 2.3354996, 48.8608266 ], [ 2.335517, 48.8608622 ], [ 2.3355043, 48.8608644 ], [ 2.3354904, 48.8608673 ] ] ] } },
{ "type": "Feature", "properties": { "feature_id": "osm-way-376694360", "osm_way_id": "376694360", "osm_version": "9", "level": "-2", "name": "Arts de l'Islam - de 1000 à 1800", "description": "Mapped indoor room at the Louvre Museum.", "source_url": "https://www.openstreetmap.org/way/376694360" }, "geometry": { "type": "Polygon", "coordinates": [ [ [ 2.3361514, 48.8598632 ], [ 2.3362294, 48.8600011 ], [ 2.3362318, 48.8600053 ], [ 2.3362342, 48.8600097 ], [ 2.3362603, 48.8600556 ], [ 2.3362388, 48.8600609 ], [ 2.3362293, 48.8600632 ], [ 2.3362193, 48.8600656 ], [ 2.3360622, 48.8601041 ], [ 2.3360528, 48.8601064 ], [ 2.3360427, 48.8601089 ], [ 2.3357662, 48.8601766 ], [ 2.3357567, 48.8601789 ], [ 2.3357467, 48.8601814 ], [ 2.3356962, 48.8601937 ], [ 2.3356866, 48.8601961 ], [ 2.3356767, 48.8601985 ], [ 2.3356253, 48.8602111 ], [ 2.335623, 48.860207 ], [ 2.335619, 48.8602 ], [ 2.3356158, 48.8601943 ], [ 2.3355978, 48.8601625 ], [ 2.3355887, 48.8601466 ], [ 2.33558, 48.8601311 ], [ 2.3355163, 48.8600186 ], [ 2.3356249, 48.8599919 ], [ 2.3357155, 48.8599697 ], [ 2.3361514, 48.8598632 ] ] ] } },
{ "type": "Feature", "properties": { "feature_id": "osm-way-376694363", "osm_way_id": "376694363", "osm_version": "5", "level": "-2", "name": "Arts de l'Islam - de 1000 à 1800", "description": "Mapped indoor room at the Louvre Museum.", "source_url": "https://www.openstreetmap.org/way/376694363" }, "geometry": { "type": "Polygon", "coordinates": [ [ [ 2.3357807, 48.8602214 ], [ 2.3357903, 48.860219 ], [ 2.3360766, 48.8601488 ], [ 2.3362434, 48.8601081 ], [ 2.3362533, 48.8601057 ], [ 2.3362629, 48.8601034 ], [ 2.3362775, 48.8600998 ], [ 2.3363169, 48.8601694 ], [ 2.3357014, 48.8603202 ], [ 2.3356619, 48.8602505 ], [ 2.3357007, 48.860241 ], [ 2.3357107, 48.8602385 ], [ 2.3357203, 48.8602362 ], [ 2.3357707, 48.8602238 ], [ 2.3357807, 48.8602214 ] ] ] } },
{ "type": "Feature", "properties": { "feature_id": "osm-way-451560034", "osm_way_id": "451560034", "osm_version": "2", "level": "-2", "name": "Auditorium", "description": "Mapped indoor room at the Louvre Museum.", "source_url": "https://www.openstreetmap.org/way/451560034" }, "geometry": { "type": "Polygon", "coordinates": [ [ [ 2.3361611, 48.8612449 ], [ 2.3362203, 48.8611601 ], [ 2.336231, 48.8611447 ], [ 2.3362559, 48.8611091 ], [ 2.3362669, 48.8610933 ], [ 2.3363244, 48.8610109 ], [ 2.336599, 48.8610939 ], [ 2.3365143, 48.861207 ], [ 2.3364358, 48.8613278 ], [ 2.3361611, 48.8612449 ] ] ] } },
{ "type": "Feature", "properties": { "feature_id": "osm-way-457641196", "osm_way_id": "457641196", "osm_version": "3", "level": "-2", "name": "Expositions temporaires", "description": "Mapped indoor room at the Louvre Museum.", "source_url": "https://www.openstreetmap.org/way/457641196" }, "geometry": { "type": "Polygon", "coordinates": [ [ [ 2.3368739, 48.8606791 ], [ 2.3368758, 48.8606824 ], [ 2.336756, 48.8607127 ], [ 2.3366832, 48.8607311 ], [ 2.3366282, 48.860637 ], [ 2.336701, 48.8606186 ], [ 2.3370555, 48.8605289 ], [ 2.3371189, 48.8606374 ], [ 2.3370853, 48.860646 ], [ 2.337094, 48.8606609 ], [ 2.3371405, 48.8607404 ], [ 2.3371519, 48.8607599 ], [ 2.3371855, 48.8607514 ], [ 2.3372358, 48.8608374 ], [ 2.3368813, 48.8609271 ], [ 2.3368086, 48.8609455 ], [ 2.3367583, 48.8608595 ], [ 2.336831, 48.8608411 ], [ 2.3369368, 48.8608143 ], [ 2.336942, 48.8608234 ], [ 2.3369456, 48.8608294 ], [ 2.336951, 48.8608386 ], [ 2.3370891, 48.8608037 ], [ 2.3370855, 48.8607975 ], [ 2.3370801, 48.8607884 ], [ 2.3370749, 48.8607794 ], [ 2.3371136, 48.8607696 ], [ 2.337047, 48.8606556 ], [ 2.3370214, 48.8606621 ], [ 2.337011, 48.8606444 ], [ 2.3370064, 48.8606366 ], [ 2.337002, 48.860629 ], [ 2.3368649, 48.8606637 ], [ 2.3368694, 48.8606713 ], [ 2.3368739, 48.8606791 ] ] ] } },
{ "type": "Feature", "properties": { "feature_id": "osm-way-367772251", "osm_way_id": "367772251", "osm_version": "16", "level": "-2", "name": "Hall Napoléon", "description": "Mapped indoor room at the Louvre Museum.", "source_url": "https://www.openstreetmap.org/way/367772251" }, "geometry": { "type": "Polygon", "coordinates": [ [ [ 2.3356059, 48.8612501 ], [ 2.3355614, 48.8612611 ], [ 2.3355105, 48.8612736 ], [ 2.335478, 48.8612816 ], [ 2.3354478, 48.861289 ], [ 2.3354017, 48.861208 ], [ 2.335383, 48.8611752 ], [ 2.3353604, 48.8611355 ], [ 2.3353359, 48.8610925 ], [ 2.3352855, 48.8610039 ], [ 2.3352729, 48.8609817 ], [ 2.335313, 48.8609719 ], [ 2.3354055, 48.8609491 ], [ 2.3354512, 48.8609378 ], [ 2.3354876, 48.8609288 ], [ 2.3355315, 48.8609153 ], [ 2.3355795, 48.8608494 ], [ 2.3356125, 48.8608049 ], [ 2.3356322, 48.8607778 ], [ 2.3356601, 48.8607399 ], [ 2.3356408, 48.8607072 ], [ 2.3356129, 48.8607137 ], [ 2.3356043, 48.8606998 ], [ 2.3356328, 48.8606928 ], [ 2.3357061, 48.8606744 ], [ 2.3357369, 48.8606668 ], [ 2.3357448, 48.8606815 ], [ 2.3357163, 48.8606889 ], [ 2.3357331, 48.860719 ], [ 2.3361803, 48.860843 ], [ 2.3362227, 48.8609156 ], [ 2.3362647, 48.8609875 ], [ 2.3362053, 48.8610757 ], [ 2.3362669, 48.8610933 ], [ 2.3362559, 48.8611091 ], [ 2.336231, 48.8611447 ], [ 2.3362203, 48.8611601 ], [ 2.3361599, 48.8611429 ], [ 2.3360708, 48.8612582 ], [ 2.336122, 48.8613272 ], [ 2.3361342, 48.8613477 ], [ 2.3361391, 48.8613545 ], [ 2.3359883, 48.8613982 ], [ 2.3359315, 48.8612944 ], [ 2.3357048, 48.861225 ], [ 2.3356938, 48.8612277 ], [ 2.335639, 48.8612419 ], [ 2.335653, 48.8612671 ], [ 2.3356811, 48.8612603 ], [ 2.3356986, 48.861291 ], [ 2.3356893, 48.8612932 ], [ 2.3356793, 48.8612957 ], [ 2.3356712, 48.8612815 ], [ 2.3356296, 48.8612917 ], [ 2.3356059, 48.8612501 ] ] ] } },
{ "type": "Feature", "properties": { "feature_id": "osm-way-496472291", "osm_way_id": "496472291", "osm_version": "1", "level": "-2", "name": "Orient méditerranéen dans l'Empire romain", "description": "Mosaïques et tissus - 3e siècle - 6e siècle après J.-C.", "source_url": "https://www.openstreetmap.org/way/496472291" }, "geometry": { "type": "Polygon", "coordinates": [ [ [ 2.3355163, 48.8600186 ], [ 2.3354375, 48.8598794 ], [ 2.3356304, 48.8598321 ], [ 2.3356355, 48.8598309 ], [ 2.33564, 48.8598298 ], [ 2.3358524, 48.8597778 ], [ 2.3358699, 48.8598088 ], [ 2.3360901, 48.8597549 ], [ 2.3361514, 48.8598632 ], [ 2.3357155, 48.8599697 ], [ 2.3356249, 48.8599919 ], [ 2.3355163, 48.8600186 ] ] ] } },
{ "type": "Feature", "properties": { "feature_id": "osm-way-451555430", "osm_way_id": "451555430", "osm_version": "8", "level": "-2", "name": "Paul", "description": "Mapped indoor room at the Louvre Museum.", "source_url": "https://www.openstreetmap.org/way/451555430" }, "geometry": { "type": "Polygon", "coordinates": [ [ [ 2.3354478, 48.861289 ], [ 2.3354351, 48.8612921 ], [ 2.3353685, 48.8613086 ], [ 2.3353038, 48.8611948 ], [ 2.335383, 48.8611752 ], [ 2.3354017, 48.861208 ], [ 2.3354478, 48.861289 ] ] ] } },
{ "type": "Feature", "properties": { "feature_id": "osm-way-454340510", "osm_way_id": "454340510", "osm_version": "9", "level": "0", "name": "Accueil", "description": "Antiquités égyptiennes", "source_url": "https://www.openstreetmap.org/way/454340510" }, "geometry": { "type": "Polygon", "coordinates": [ [ [ 2.3384845, 48.8598023 ], [ 2.3384797, 48.8598034 ], [ 2.338476, 48.8597967 ], [ 2.3384664, 48.8597788 ], [ 2.3384073, 48.8597926 ], [ 2.3383966, 48.859773 ], [ 2.3383781, 48.8597389 ], [ 2.3384093, 48.8597316 ], [ 2.3384252, 48.8597279 ], [ 2.3384353, 48.8597255 ], [ 2.3384447, 48.8597234 ], [ 2.3384634, 48.8597191 ], [ 2.3384726, 48.8597169 ], [ 2.3384809, 48.859715 ], [ 2.3385047, 48.8597095 ], [ 2.3385227, 48.8597054 ], [ 2.3385262, 48.8597121 ], [ 2.3385359, 48.8597301 ], [ 2.3385501, 48.8597579 ], [ 2.338554, 48.8597653 ], [ 2.3385595, 48.8597748 ], [ 2.3385522, 48.8597765 ], [ 2.3385061, 48.8597872 ], [ 2.3385109, 48.8597962 ], [ 2.338507, 48.8597971 ], [ 2.3384991, 48.8597989 ], [ 2.3384845, 48.8598023 ] ] ] } },
{ "type": "Feature", "properties": { "feature_id": "osm-way-338651008", "osm_way_id": "338651008", "osm_version": "6", "level": "0", "name": "Antiquité Égyptienne - Les Animaux et les Dieux", "description": "Mapped indoor room at the Louvre Museum.", "source_url": "https://www.openstreetmap.org/way/338651008" }, "geometry": { "type": "Polygon", "coordinates": [ [ [ 2.3398251, 48.860739 ], [ 2.3398445, 48.8607347 ], [ 2.3398771, 48.8607275 ], [ 2.3398968, 48.8607232 ], [ 2.3399346, 48.8607149 ], [ 2.3400113, 48.8608656 ], [ 2.3397496, 48.8609232 ], [ 2.3397183, 48.8608617 ], [ 2.339806, 48.8608424 ], [ 2.3397988, 48.8608283 ], [ 2.3397752, 48.8607819 ], [ 2.3397608, 48.8607535 ], [ 2.3398251, 48.860739 ] ] ] } },
{ "type": "Feature", "properties": { "feature_id": "osm-way-338795995", "osm_way_id": "338795995", "osm_version": "6", "level": "0", "name": "Antiquités égyptiennes - La momie", "description": "Mapped indoor room at the Louvre Museum.", "source_url": "https://www.openstreetmap.org/way/338795995" }, "geometry": { "type": "Polygon", "coordinates": [ [ [ 2.3395305, 48.8603516 ], [ 2.3395215, 48.8603536 ], [ 2.3395031, 48.8603578 ], [ 2.3394737, 48.8603644 ], [ 2.3394477, 48.8603702 ], [ 2.3394465, 48.860368 ], [ 2.3394301, 48.8603363 ], [ 2.3394261, 48.8603285 ], [ 2.3394254, 48.8603273 ], [ 2.3394217, 48.8603201 ], [ 2.3394317, 48.8603179 ], [ 2.3394849, 48.860306 ], [ 2.3395275, 48.8602964 ], [ 2.3395765, 48.8602854 ], [ 2.3396024, 48.8603355 ], [ 2.3395734, 48.860342 ], [ 2.3395611, 48.8603448 ], [ 2.3395305, 48.8603516 ] ] ] } },
{ "type": "Feature", "properties": { "feature_id": "osm-way-338795996", "osm_way_id": "338795996", "osm_version": "6", "level": "0", "name": "Antiquités égyptiennes - Le Livre des Morts", "description": "Mapped indoor room at the Louvre Museum.", "source_url": "https://www.openstreetmap.org/way/338795996" }, "geometry": { "type": "Polygon", "coordinates": [ [ [ 2.3396092, 48.860334 ], [ 2.3395833, 48.8602839 ], [ 2.3396069, 48.8602784 ], [ 2.3396336, 48.8602725 ], [ 2.339654, 48.8602681 ], [ 2.3396741, 48.8602635 ], [ 2.3398765, 48.8606539 ], [ 2.3398426, 48.8606615 ], [ 2.3398281, 48.8606647 ], [ 2.3398121, 48.8606684 ], [ 2.3397857, 48.8606743 ], [ 2.3397791, 48.8606615 ], [ 2.3397647, 48.8606339 ], [ 2.3397613, 48.8606273 ], [ 2.3397423, 48.8605906 ], [ 2.3397271, 48.8605612 ], [ 2.3396361, 48.8603858 ], [ 2.3396248, 48.8603641 ], [ 2.3396195, 48.8603538 ], [ 2.3396144, 48.860344 ], [ 2.3396092, 48.860334 ] ] ] } },
{ "type": "Feature", "properties": { "feature_id": "osm-way-338795997", "osm_way_id": "338795997", "osm_version": "14", "level": "0", "name": "Antiquités égyptiennes - Le temple", "description": "Mapped indoor room at the Louvre Museum.", "source_url": "https://www.openstreetmap.org/way/338795997" }, "geometry": { "type": "Polygon", "coordinates": [ [ [ 2.3392968, 48.8600946 ], [ 2.3393208, 48.8600889 ], [ 2.3393156, 48.8600796 ], [ 2.3393119, 48.8600728 ], [ 2.3392884, 48.8600784 ], [ 2.3392804, 48.8600631 ], [ 2.3393163, 48.8600549 ], [ 2.3392994, 48.8600228 ], [ 2.3392823, 48.8600267 ], [ 2.339268, 48.8599999 ], [ 2.3392449, 48.8599564 ], [ 2.3392198, 48.8599093 ], [ 2.3391944, 48.8598616 ], [ 2.3391473, 48.8597733 ], [ 2.339129, 48.8597387 ], [ 2.3391518, 48.8597336 ], [ 2.3391393, 48.8597096 ], [ 2.3391025, 48.859718 ], [ 2.3390735, 48.8596621 ], [ 2.3390866, 48.8596591 ], [ 2.3390957, 48.8596569 ], [ 2.3391022, 48.8596554 ], [ 2.3391425, 48.8596464 ], [ 2.3392334, 48.8596262 ], [ 2.3392556, 48.8596213 ], [ 2.3393148, 48.8597329 ], [ 2.3393625, 48.8598227 ], [ 2.339407, 48.8599066 ], [ 2.3394139, 48.8599195 ], [ 2.3394219, 48.8599343 ], [ 2.3394706, 48.8600242 ], [ 2.3394999, 48.8600782 ], [ 2.3394795, 48.8600827 ], [ 2.339463, 48.8600863 ], [ 2.3394568, 48.8600876 ], [ 2.3394459, 48.86009 ], [ 2.3394311, 48.8600933 ], [ 2.3393435, 48.8601124 ], [ 2.3393295, 48.8601155 ], [ 2.33931, 48.8601198 ], [ 2.3392968, 48.8600946 ] ] ] } },
{ "type": "Feature", "properties": { "feature_id": "osm-way-338795998", "osm_way_id": "338795998", "osm_version": "6", "level": "0", "name": "Antiquités égyptiennes - Les chapelles", "description": "Chambre des Ancêtres - Zodiaque de Dendéra", "source_url": "https://www.openstreetmap.org/way/338795998" }, "geometry": { "type": "Polygon", "coordinates": [ [ [ 2.3395423, 48.8600095 ], [ 2.3394706, 48.8600242 ], [ 2.3394219, 48.8599343 ], [ 2.3394139, 48.8599195 ], [ 2.339407, 48.8599066 ], [ 2.339476, 48.8598902 ], [ 2.3395423, 48.8600095 ] ] ] } },
{ "type": "Feature", "properties": { "feature_id": "osm-way-338651009", "osm_way_id": "338651009", "osm_version": "8", "level": "0", "name": "Antiquités égyptiennes - Les dieux et la magie", "description": "Mapped indoor room at the Louvre Museum.", "source_url": "https://www.openstreetmap.org/way/338651009" }, "geometry": { "type": "Polygon", "coordinates": [ [ [ 2.3397608, 48.8607535 ], [ 2.3397221, 48.860762 ], [ 2.3396731, 48.8607728 ], [ 2.3396648, 48.8607545 ], [ 2.3396579, 48.8607385 ], [ 2.3396539, 48.8607306 ], [ 2.3396495, 48.8607224 ], [ 2.3396414, 48.8607068 ], [ 2.3396972, 48.8606946 ], [ 2.3397123, 48.860691 ], [ 2.3397251, 48.8606883 ], [ 2.3397857, 48.8606743 ], [ 2.3398121, 48.8606684 ], [ 2.3398281, 48.8606647 ], [ 2.3398426, 48.8606615 ], [ 2.3398765, 48.8606539 ], [ 2.3399, 48.8606484 ], [ 2.3399346, 48.8607149 ], [ 2.3398968, 48.8607232 ], [ 2.3398771, 48.8607275 ], [ 2.3398445, 48.8607347 ], [ 2.3398251, 48.860739 ], [ 2.3397608, 48.8607535 ] ] ] } },
{ "type": "Feature", "properties": { "feature_id": "osm-way-338651006", "osm_way_id": "338651006", "osm_version": "7", "level": "0", "name": "Antiquités égyptiennes - Les sarcophages", "description": "Mapped indoor room at the Louvre Museum.", "source_url": "https://www.openstreetmap.org/way/338651006" }, "geometry": { "type": "Polygon", "coordinates": [ [ [ 2.3395474, 48.8605628 ], [ 2.3395449, 48.860558 ], [ 2.3395427, 48.8605537 ], [ 2.3395264, 48.8605223 ], [ 2.3394888, 48.8604496 ], [ 2.3394723, 48.8604178 ], [ 2.33947, 48.8604134 ], [ 2.3394675, 48.8604084 ], [ 2.3394664, 48.8604062 ], [ 2.3394509, 48.8603764 ], [ 2.3394477, 48.8603702 ], [ 2.3395031, 48.8603578 ], [ 2.3395215, 48.8603536 ], [ 2.3395305, 48.8603516 ], [ 2.3395611, 48.8603448 ], [ 2.3396024, 48.8603355 ], [ 2.3396092, 48.860334 ], [ 2.3396144, 48.860344 ], [ 2.3396195, 48.8603538 ], [ 2.3396248, 48.8603641 ], [ 2.3396361, 48.8603858 ], [ 2.3397271, 48.8605612 ], [ 2.3397098, 48.8605651 ], [ 2.3396886, 48.8605698 ], [ 2.3396774, 48.8605722 ], [ 2.3396708, 48.8605736 ], [ 2.3396531, 48.8605775 ], [ 2.3396298, 48.8605828 ], [ 2.3395887, 48.8605919 ], [ 2.3395718, 48.8605957 ], [ 2.3395638, 48.8605945 ], [ 2.3395474, 48.8605628 ] ] ] } },
{ "type": "Feature", "properties": { "feature_id": "osm-way-338651007", "osm_way_id": "338651007", "osm_version": "7", "level": "0", "name": "Antiquités égyptiennes - Les tombes", "description": "Mapped indoor room at the Louvre Museum.", "source_url": "https://www.openstreetmap.org/way/338651007" }, "geometry": { "type": "Polygon", "coordinates": [ [ [ 2.3396972, 48.8606946 ], [ 2.33969, 48.8606808 ], [ 2.3396364, 48.860693 ], [ 2.3396255, 48.8606723 ], [ 2.3395939, 48.8606795 ], [ 2.3395912, 48.8606742 ], [ 2.3395882, 48.8606685 ], [ 2.3396179, 48.8606617 ], [ 2.3395996, 48.8606268 ], [ 2.3395893, 48.8606291 ], [ 2.3395718, 48.8605957 ], [ 2.3395887, 48.8605919 ], [ 2.3396298, 48.8605828 ], [ 2.3396531, 48.8605775 ], [ 2.3396708, 48.8605736 ], [ 2.3396774, 48.8605722 ], [ 2.3396886, 48.8605698 ], [ 2.3397098, 48.8605651 ], [ 2.3397271, 48.8605612 ], [ 2.3397423, 48.8605906 ], [ 2.3397275, 48.860594 ], [ 2.3397501, 48.8606372 ], [ 2.3397647, 48.8606339 ], [ 2.3397791, 48.8606615 ], [ 2.3397183, 48.8606753 ], [ 2.3397251, 48.8606883 ], [ 2.3397123, 48.860691 ], [ 2.3396972, 48.8606946 ] ] ] } },
{ "type": "Feature", "properties": { "feature_id": "osm-way-484181192", "osm_way_id": "484181192", "osm_version": "2", "level": "0", "name": "Arabie", "description": "Mapped indoor room at the Louvre Museum.", "source_url": "https://www.openstreetmap.org/way/484181192" }, "geometry": { "type": "Polygon", "coordinates": [ [ [ 2.3391695, 48.8609489 ], [ 2.3391632, 48.860939 ], [ 2.3391584, 48.8609297 ], [ 2.3391462, 48.8609057 ], [ 2.3391289, 48.860873 ], [ 2.3391183, 48.8608518 ], [ 2.3391141, 48.860844 ], [ 2.3391099, 48.8608361 ], [ 2.339117, 48.8608345 ], [ 2.3391646, 48.8608234 ], [ 2.3391712, 48.8608219 ], [ 2.3391781, 48.8608204 ], [ 2.3392254, 48.8608094 ], [ 2.3392403, 48.8608059 ], [ 2.339245, 48.8608136 ], [ 2.3392732, 48.8608631 ], [ 2.3393029, 48.8609166 ], [ 2.3392364, 48.8609318 ], [ 2.339206, 48.8609393 ], [ 2.3391695, 48.8609489 ] ] ] } },
{ "type": "Feature", "properties": { "feature_id": "osm-way-484185425", "osm_way_id": "484185425", "osm_version": "1", "level": "0", "name": "Arabie", "description": "Mapped indoor room at the Louvre Museum.", "source_url": "https://www.openstreetmap.org/way/484185425" }, "geometry": { "type": "Polygon", "coordinates": [ [ [ 2.3392403, 48.8608059 ], [ 2.3393202, 48.8607874 ], [ 2.3393354, 48.860784 ], [ 2.3393825, 48.8607731 ], [ 2.3393969, 48.8607698 ], [ 2.3394443, 48.8607588 ], [ 2.3394509, 48.8607573 ], [ 2.3394533, 48.8607618 ], [ 2.3394565, 48.8607678 ], [ 2.339479, 48.860812 ], [ 2.3394881, 48.8608272 ], [ 2.3394894, 48.8608294 ], [ 2.339498, 48.8608455 ], [ 2.3395036, 48.8608558 ], [ 2.3395055, 48.8608595 ], [ 2.339511, 48.8608697 ], [ 2.3393798, 48.8608993 ], [ 2.3393192, 48.860913 ], [ 2.3393029, 48.8609166 ], [ 2.3392732, 48.8608631 ], [ 2.339245, 48.8608136 ], [ 2.3392403, 48.8608059 ] ] ] } },
{ "type": "Feature", "properties": { "feature_id": "osm-way-484680363", "osm_way_id": "484680363", "osm_version": "4", "level": "0", "name": "Art grec classique et hellénistique - 450-30 avant J.-C.", "description": "Mapped indoor room at the Louvre Museum.", "source_url": "https://www.openstreetmap.org/way/484680363" }, "geometry": { "type": "Polygon", "coordinates": [ [ [ 2.3371763, 48.8600182 ], [ 2.3374288, 48.8599605 ], [ 2.3374439, 48.859957 ], [ 2.3374549, 48.8599543 ], [ 2.3374636, 48.8599524 ], [ 2.337487, 48.8599469 ], [ 2.3375087, 48.8599419 ], [ 2.3375021, 48.8599296 ], [ 2.3374814, 48.8599345 ], [ 2.337472, 48.8599167 ], [ 2.3374479, 48.8599219 ], [ 2.3373919, 48.8598155 ], [ 2.3376162, 48.8597653 ], [ 2.3378915, 48.8597036 ], [ 2.3380203, 48.8596748 ], [ 2.3380347, 48.8596716 ], [ 2.338058, 48.8597127 ], [ 2.3380711, 48.8597113 ], [ 2.3380841, 48.8597133 ], [ 2.3380949, 48.8597184 ], [ 2.3381019, 48.8597258 ], [ 2.338104, 48.8597345 ], [ 2.338101, 48.859743 ], [ 2.3380932, 48.8597501 ], [ 2.3380819, 48.8597547 ], [ 2.3381036, 48.8597925 ], [ 2.3381056, 48.8597968 ], [ 2.338111, 48.8598069 ], [ 2.3381147, 48.8598138 ], [ 2.3381159, 48.8598166 ], [ 2.3381223, 48.8598285 ], [ 2.3381281, 48.859839 ], [ 2.338129, 48.8598413 ], [ 2.3381437, 48.8598664 ], [ 2.3381493, 48.8598764 ], [ 2.33813, 48.8598809 ], [ 2.3380921, 48.8598897 ], [ 2.3380821, 48.8598924 ], [ 2.3380685, 48.8598956 ], [ 2.3380595, 48.859898 ], [ 2.3380563, 48.8598988 ], [ 2.3380512, 48.8598894 ], [ 2.338004, 48.8599002 ], [ 2.337997, 48.8599018 ], [ 2.3379905, 48.8599033 ], [ 2.3379426, 48.8599143 ], [ 2.3379287, 48.8599175 ], [ 2.3378811, 48.8599284 ], [ 2.3378855, 48.8599367 ], [ 2.3378818, 48.8599375 ], [ 2.3378741, 48.8599393 ], [ 2.3378595, 48.8599427 ], [ 2.3378515, 48.8599446 ], [ 2.3378119, 48.8599537 ], [ 2.3378033, 48.8599557 ], [ 2.3377893, 48.8599589 ], [ 2.3377804, 48.859961 ], [ 2.3377766, 48.8599619 ], [ 2.337772, 48.8599533 ], [ 2.3377239, 48.8599643 ], [ 2.3377199, 48.8599652 ], [ 2.3377109, 48.8599673 ], [ 2.3376629, 48.8599783 ], [ 2.3376576, 48.8599795 ], [ 2.3376491, 48.8599815 ], [ 2.3376017, 48.8599923 ], [ 2.337543, 48.8600057 ], [ 2.3375346, 48.8599901 ], [ 2.3374855, 48.8600015 ], [ 2.3374755, 48.8600038 ], [ 2.337467, 48.8600058 ], [ 2.3374547, 48.8600087 ], [ 2.3372539, 48.8600537 ], [ 2.3371998, 48.8600661 ], [ 2.3371986, 48.8600644 ], [ 2.3371885, 48.8600411 ], [ 2.3371763, 48.8600182 ] ] ] } },
{ "type": "Feature", "properties": { "feature_id": "osm-way-454347268", "osm_way_id": "454347268", "osm_version": "3", "level": "0", "name": "Chapelle de la tombe d'Akhethétep", "description": "Mapped indoor room at the Louvre Museum.", "source_url": "https://www.openstreetmap.org/way/454347268" }, "geometry": { "type": "Polygon", "coordinates": [ [ [ 2.3384004, 48.8596421 ], [ 2.3384062, 48.8596534 ], [ 2.338413, 48.8596665 ], [ 2.3384202, 48.8596803 ], [ 2.338389, 48.8596874 ], [ 2.3383853, 48.8596802 ], [ 2.3383692, 48.8596491 ], [ 2.3384004, 48.8596421 ] ] ] } },
{ "type": "Feature", "properties": { "feature_id": "osm-way-376842028", "osm_way_id": "376842028", "osm_version": "9", "level": "0", "name": "Cour du Sphinx", "description": "Mapped indoor room at the Louvre Museum.", "source_url": "https://www.openstreetmap.org/way/376842028" }, "geometry": { "type": "Polygon", "coordinates": [ [ [ 2.3366798, 48.8599795 ], [ 2.3366134, 48.8599957 ], [ 2.3365724, 48.8600057 ], [ 2.3364596, 48.8600331 ], [ 2.3363994, 48.859926 ], [ 2.3363955, 48.859919 ], [ 2.3363917, 48.8599123 ], [ 2.3362977, 48.859745 ], [ 2.3363125, 48.8597414 ], [ 2.3363147, 48.8597409 ], [ 2.3363179, 48.8597401 ], [ 2.3363214, 48.8597392 ], [ 2.3363224, 48.859739 ], [ 2.3363499, 48.8597323 ], [ 2.3365179, 48.8596914 ], [ 2.3365837, 48.8598084 ], [ 2.3365919, 48.8598231 ], [ 2.3366135, 48.8598615 ], [ 2.3366361, 48.8599017 ], [ 2.3366798, 48.8599795 ] ] ] } },
{ "type": "Feature", "properties": { "feature_id": "osm-way-454347269", "osm_way_id": "454347269", "osm_version": "3", "level": "0", "name": "Élevage, chasse et pêche", "description": "Mapped indoor room at the Louvre Museum.", "source_url": "https://www.openstreetmap.org/way/454347269" }, "geometry": { "type": "Polygon", "coordinates": [ [ [ 2.3387907, 48.8596276 ], [ 2.3387512, 48.8596365 ], [ 2.3387208, 48.8596434 ], [ 2.3385694, 48.8596776 ], [ 2.3385567, 48.8596531 ], [ 2.3385521, 48.8596442 ], [ 2.3385189, 48.85958 ], [ 2.3385103, 48.8595635 ], [ 2.3386704, 48.8595276 ], [ 2.3387318, 48.8595138 ], [ 2.3387907, 48.8596276 ] ] ] } },
{ "type": "Feature", "properties": { "feature_id": "osm-way-376842020", "osm_way_id": "376842020", "osm_version": "4", "level": "0", "name": "Étrurie I, sarcophage des époux", "description": "Mapped indoor room at the Louvre Museum.", "source_url": "https://www.openstreetmap.org/way/376842020" }, "geometry": { "type": "Polygon", "coordinates": [ [ [ 2.3366798, 48.8599795 ], [ 2.3366361, 48.8599017 ], [ 2.3367021, 48.8598849 ], [ 2.3367549, 48.8598713 ], [ 2.3367902, 48.8599429 ], [ 2.336794, 48.8599507 ], [ 2.3367757, 48.8599554 ], [ 2.3367456, 48.859963 ], [ 2.3366931, 48.8599762 ], [ 2.3366798, 48.8599795 ] ] ] } },
{ "type": "Feature", "properties": { "feature_id": "osm-way-376842023", "osm_way_id": "376842023", "osm_version": "5", "level": "0", "name": "Étrurie II", "description": "Mapped indoor room at the Louvre Museum.", "source_url": "https://www.openstreetmap.org/way/376842023" }, "geometry": { "type": "Polygon", "coordinates": [ [ [ 2.3366361, 48.8599017 ], [ 2.3366135, 48.8598615 ], [ 2.3365919, 48.8598231 ], [ 2.3366539, 48.8598086 ], [ 2.3367166, 48.8597935 ], [ 2.3367307, 48.8598222 ], [ 2.3367549, 48.8598713 ], [ 2.3367021, 48.8598849 ], [ 2.3366361, 48.8599017 ] ] ] } },
{ "type": "Feature", "properties": { "feature_id": "osm-way-376842024", "osm_way_id": "376842024", "osm_version": "5", "level": "0", "name": "Étrurie III", "description": "Mapped indoor room at the Louvre Museum.", "source_url": "https://www.openstreetmap.org/way/376842024" }, "geometry": { "type": "Polygon", "coordinates": [ [ [ 2.3365919, 48.8598231 ], [ 2.3365837, 48.8598084 ], [ 2.3365179, 48.8596914 ], [ 2.3365785, 48.859678 ], [ 2.3366513, 48.8596607 ], [ 2.3366885, 48.8597363 ], [ 2.3367111, 48.8597823 ], [ 2.3367166, 48.8597935 ], [ 2.3366539, 48.8598086 ], [ 2.3365919, 48.8598231 ] ] ] } },
{ "type": "Feature", "properties": { "feature_id": "osm-way-376836367", "osm_way_id": "376836367", "osm_version": "5", "level": "0", "name": "Grand cabinet de la reine", "description": "Art romain : des Flaviens (69 - 96 ap. J.-C.) au milieu du IIe siècle ap. J.-C.", "source_url": "https://www.openstreetmap.org/way/376836367" }, "geometry": { "type": "Polygon", "coordinates": [ [ [ 2.3366885, 48.8597363 ], [ 2.3366513, 48.8596607 ], [ 2.3366269, 48.8596112 ], [ 2.3367017, 48.8595953 ], [ 2.3367752, 48.8595796 ], [ 2.3368368, 48.8597048 ], [ 2.3367704, 48.8597189 ], [ 2.3366885, 48.8597363 ] ] ] } },
{ "type": "Feature", "properties": { "feature_id": "osm-way-441889088", "osm_way_id": "441889088", "osm_version": "9", "level": "0", "name": "Iran", "description": "La Susiane à l'époque médio-élamite (vers 1500-1100 av. J.-C.)", "source_url": "https://www.openstreetmap.org/way/441889088" }, "geometry": { "type": "Polygon", "coordinates": [ [ [ 2.3377598, 48.8611246 ], [ 2.3377997, 48.8611148 ], [ 2.3378255, 48.8611085 ], [ 2.337834, 48.8611064 ], [ 2.3378417, 48.8611045 ], [ 2.3378529, 48.8611017 ], [ 2.3378606, 48.8610998 ], [ 2.3378691, 48.8610977 ], [ 2.33788, 48.8610951 ], [ 2.337888, 48.8610931 ], [ 2.3378962, 48.8610912 ], [ 2.3379695, 48.8610731 ], [ 2.3380264, 48.8610591 ], [ 2.3380329, 48.8610589 ], [ 2.3380396, 48.8610607 ], [ 2.3380434, 48.8610641 ], [ 2.3380487, 48.861074 ], [ 2.3380616, 48.861099 ], [ 2.338093, 48.8611598 ], [ 2.3381048, 48.8611827 ], [ 2.3381094, 48.8611913 ], [ 2.3380703, 48.8611999 ], [ 2.3380795, 48.8612183 ], [ 2.3378415, 48.861273 ], [ 2.3378148, 48.8612246 ], [ 2.3378106, 48.8612169 ], [ 2.3378077, 48.8612116 ], [ 2.3378049, 48.8612064 ], [ 2.3378039, 48.8612046 ], [ 2.3377912, 48.8611815 ], [ 2.3377852, 48.8611706 ], [ 2.3377834, 48.8611674 ], [ 2.3377817, 48.8611643 ], [ 2.3377598, 48.8611246 ] ] ] } },
{ "type": "Feature", "properties": { "feature_id": "osm-way-484175063", "osm_way_id": "484175063", "osm_version": "2", "level": "0", "name": "Iran", "description": "Mapped indoor room at the Louvre Museum.", "source_url": "https://www.openstreetmap.org/way/484175063" }, "geometry": { "type": "Polygon", "coordinates": [ [ [ 2.3382018, 48.8610399 ], [ 2.3382062, 48.8610389 ], [ 2.3382552, 48.8610279 ], [ 2.3382691, 48.8610248 ], [ 2.3383168, 48.8610142 ], [ 2.3383281, 48.8610116 ], [ 2.3384077, 48.8609938 ], [ 2.3384133, 48.8610049 ], [ 2.3384188, 48.8610158 ], [ 2.3384348, 48.8610468 ], [ 2.3384435, 48.8610651 ], [ 2.3384566, 48.8610912 ], [ 2.3384627, 48.8611032 ], [ 2.3383845, 48.8611207 ], [ 2.338258, 48.861149 ], [ 2.3382528, 48.861139 ], [ 2.3382485, 48.8611305 ], [ 2.338246, 48.8611256 ], [ 2.3382144, 48.8610644 ], [ 2.3382114, 48.8610585 ], [ 2.3382074, 48.8610508 ], [ 2.3382018, 48.8610399 ] ] ] } },
{ "type": "Feature", "properties": { "feature_id": "osm-way-484175064", "osm_way_id": "484175064", "osm_version": "3", "level": "0", "name": "Iran", "description": "Mapped indoor room at the Louvre Museum.", "source_url": "https://www.openstreetmap.org/way/484175064" }, "geometry": { "type": "Polygon", "coordinates": [ [ [ 2.3380487, 48.861074 ], [ 2.3381292, 48.861056 ], [ 2.3381456, 48.8610524 ], [ 2.338193, 48.8610418 ], [ 2.3382018, 48.8610399 ], [ 2.3382074, 48.8610508 ], [ 2.3382114, 48.8610585 ], [ 2.3382144, 48.8610644 ], [ 2.338246, 48.8611256 ], [ 2.3382485, 48.8611305 ], [ 2.3382528, 48.861139 ], [ 2.338258, 48.861149 ], [ 2.3381854, 48.8611649 ], [ 2.3381048, 48.8611827 ], [ 2.338093, 48.8611598 ], [ 2.3380616, 48.861099 ], [ 2.3380487, 48.861074 ] ] ] } },
{ "type": "Feature", "properties": { "feature_id": "osm-way-484175065", "osm_way_id": "484175065", "osm_version": "2", "level": "0", "name": "Iran", "description": "Mapped indoor room at the Louvre Museum.", "source_url": "https://www.openstreetmap.org/way/484175065" }, "geometry": { "type": "Polygon", "coordinates": [ [ [ 2.3384077, 48.8609938 ], [ 2.338427, 48.8609896 ], [ 2.3384749, 48.8609789 ], [ 2.3384812, 48.8609775 ], [ 2.3384872, 48.8609862 ], [ 2.3384922, 48.8609934 ], [ 2.3385107, 48.8610288 ], [ 2.3385154, 48.8610379 ], [ 2.338521, 48.8610484 ], [ 2.3385296, 48.8610651 ], [ 2.3385346, 48.8610748 ], [ 2.3385404, 48.861086 ], [ 2.3384627, 48.8611032 ], [ 2.3384566, 48.8610912 ], [ 2.3384435, 48.8610651 ], [ 2.3384348, 48.8610468 ], [ 2.3384188, 48.8610158 ], [ 2.3384077, 48.8609938 ] ] ] } },
{ "type": "Feature", "properties": { "feature_id": "osm-way-484176956", "osm_way_id": "484176956", "osm_version": "1", "level": "0", "name": "Iran", "description": "Mapped indoor room at the Louvre Museum.", "source_url": "https://www.openstreetmap.org/way/484176956" }, "geometry": { "type": "Polygon", "coordinates": [ [ [ 2.3384812, 48.8609775 ], [ 2.338488, 48.860976 ], [ 2.3385366, 48.8609652 ], [ 2.3385441, 48.8609635 ], [ 2.3385461, 48.8609674 ], [ 2.3385488, 48.8609727 ], [ 2.3385525, 48.8609798 ], [ 2.3385667, 48.8610042 ], [ 2.3385843, 48.8610342 ], [ 2.3385984, 48.8610582 ], [ 2.3386054, 48.8610701 ], [ 2.3385728, 48.861078 ], [ 2.3385404, 48.861086 ], [ 2.3385346, 48.8610748 ], [ 2.3385296, 48.8610651 ], [ 2.338521, 48.8610484 ], [ 2.3385154, 48.8610379 ], [ 2.3385107, 48.8610288 ], [ 2.3384922, 48.8609934 ], [ 2.3384872, 48.8609862 ], [ 2.3384812, 48.8609775 ] ] ] } },
{ "type": "Feature", "properties": { "feature_id": "osm-way-484176958", "osm_way_id": "484176958", "osm_version": "1", "level": "0", "name": "Iran", "description": "Mapped indoor room at the Louvre Museum.", "source_url": "https://www.openstreetmap.org/way/484176958" }, "geometry": { "type": "Polygon", "coordinates": [ [ [ 2.3386054, 48.8610701 ], [ 2.3386197, 48.8610945 ], [ 2.3386271, 48.8611101 ], [ 2.3385614, 48.8611251 ], [ 2.3385526, 48.8611095 ], [ 2.3385404, 48.861086 ], [ 2.3385728, 48.861078 ], [ 2.3386054, 48.8610701 ] ] ] } },
{ "type": "Feature", "properties": { "feature_id": "osm-way-454347270", "osm_way_id": "454347270", "osm_version": "3", "level": "0", "name": "L'écriture et les scribes", "description": "Mapped indoor room at the Louvre Museum.", "source_url": "https://www.openstreetmap.org/way/454347270" }, "geometry": { "type": "Polygon", "coordinates": [ [ [ 2.3387208, 48.8596434 ], [ 2.3387512, 48.8596365 ], [ 2.3387907, 48.8596276 ], [ 2.3388563, 48.8596127 ], [ 2.3388789, 48.8596561 ], [ 2.3388956, 48.8596881 ], [ 2.3389014, 48.8596977 ], [ 2.3388938, 48.8596995 ], [ 2.3388464, 48.8597106 ], [ 2.3388324, 48.8597139 ], [ 2.3387848, 48.8597251 ], [ 2.3387661, 48.8597295 ], [ 2.3387602, 48.8597187 ], [ 2.3387569, 48.8597124 ], [ 2.3387425, 48.8596849 ], [ 2.3387287, 48.8596585 ], [ 2.3387208, 48.8596434 ] ] ] } },
{ "type": "Feature", "properties": { "feature_id": "osm-way-454347273", "osm_way_id": "454347273", "osm_version": "3", "level": "0", "name": "La maison et le mobilier", "description": "Mapped indoor room at the Louvre Museum.", "source_url": "https://www.openstreetmap.org/way/454347273" }, "geometry": { "type": "Polygon", "coordinates": [ [ [ 2.3389367, 48.8595946 ], [ 2.3389057, 48.8596016 ], [ 2.3388937, 48.8596043 ], [ 2.3388814, 48.8596071 ], [ 2.3388563, 48.8596127 ], [ 2.3387907, 48.8596276 ], [ 2.3387318, 48.8595138 ], [ 2.3388458, 48.8594883 ], [ 2.3388779, 48.859481 ], [ 2.3388926, 48.8595095 ], [ 2.3389367, 48.8595946 ] ] ] } },
{ "type": "Feature", "properties": { "feature_id": "osm-way-454347280", "osm_way_id": "454347280", "osm_version": "4", "level": "0", "name": "La parure", "description": "Mapped indoor room at the Louvre Museum.", "source_url": "https://www.openstreetmap.org/way/454347280" }, "geometry": { "type": "Polygon", "coordinates": [ [ [ 2.3389367, 48.8595946 ], [ 2.3388926, 48.8595095 ], [ 2.3388779, 48.859481 ], [ 2.3389588, 48.8594629 ], [ 2.3389666, 48.8594781 ], [ 2.3389724, 48.8594893 ], [ 2.338978, 48.8594999 ], [ 2.3390027, 48.8595459 ], [ 2.3390177, 48.8595765 ], [ 2.3389848, 48.8595837 ], [ 2.3389367, 48.8595946 ] ] ] } },
{ "type": "Feature", "properties": { "feature_id": "osm-way-454347274", "osm_way_id": "454347274", "osm_version": "5", "level": "0", "name": "Le Nil", "description": "Mapped indoor room at the Louvre Museum.", "source_url": "https://www.openstreetmap.org/way/454347274" }, "geometry": { "type": "Polygon", "coordinates": [ [ [ 2.3385227, 48.8597054 ], [ 2.3385147, 48.8596899 ], [ 2.3385563, 48.8596805 ], [ 2.3385694, 48.8596776 ], [ 2.3387208, 48.8596434 ], [ 2.3387287, 48.8596585 ], [ 2.3387425, 48.8596849 ], [ 2.3387569, 48.8597124 ], [ 2.3387602, 48.8597187 ], [ 2.3387661, 48.8597295 ], [ 2.3387701, 48.859737 ], [ 2.3387632, 48.8597386 ], [ 2.3387542, 48.8597406 ], [ 2.3387153, 48.8597496 ], [ 2.3387064, 48.8597516 ], [ 2.3386842, 48.8597567 ], [ 2.3386802, 48.8597576 ], [ 2.3386756, 48.8597489 ], [ 2.3386284, 48.8597597 ], [ 2.3386147, 48.8597628 ], [ 2.3385664, 48.8597739 ], [ 2.3385595, 48.8597748 ], [ 2.338554, 48.8597653 ], [ 2.3385501, 48.8597579 ], [ 2.3385359, 48.8597301 ], [ 2.3385262, 48.8597121 ], [ 2.3385227, 48.8597054 ] ] ] } },
{ "type": "Feature", "properties": { "feature_id": "osm-way-454347266", "osm_way_id": "454347266", "osm_version": "10", "level": "0", "name": "Le parvis du temple", "description": "Mapped indoor room at the Louvre Museum.", "source_url": "https://www.openstreetmap.org/way/454347266" }, "geometry": { "type": "Polygon", "coordinates": [ [ [ 2.3392696, 48.8594344 ], [ 2.3393543, 48.8595993 ], [ 2.3393521, 48.8595998 ], [ 2.3393315, 48.8596044 ], [ 2.3392556, 48.8596213 ], [ 2.3392334, 48.8596262 ], [ 2.3391425, 48.8596464 ], [ 2.3391022, 48.8596554 ], [ 2.3390957, 48.8596569 ], [ 2.3390832, 48.8596325 ], [ 2.3390789, 48.8596242 ], [ 2.3390738, 48.8596141 ], [ 2.339111, 48.8596058 ], [ 2.3391484, 48.8595975 ], [ 2.3392293, 48.8595795 ], [ 2.3392592, 48.8595728 ], [ 2.3392333, 48.8595224 ], [ 2.3392168, 48.8594904 ], [ 2.3391964, 48.8594507 ], [ 2.3392307, 48.859443 ], [ 2.3392696, 48.8594344 ] ] ] } },
{ "type": "Feature", "properties": { "feature_id": "osm-way-454347279", "osm_way_id": "454347279", "osm_version": "2", "level": "0", "name": "Les loisirs", "description": "Mapped indoor room at the Louvre Museum.", "source_url": "https://www.openstreetmap.org/way/454347279" }, "geometry": { "type": "Polygon", "coordinates": [ [ [ 2.339034, 48.859487 ], [ 2.339028, 48.8594756 ], [ 2.3390228, 48.8594655 ], [ 2.3390067, 48.8594344 ], [ 2.3392423, 48.8593816 ], [ 2.3392696, 48.8594344 ], [ 2.3392307, 48.859443 ], [ 2.3391964, 48.8594507 ], [ 2.3391665, 48.8594575 ], [ 2.3391351, 48.8594645 ], [ 2.3391413, 48.8594764 ], [ 2.3391107, 48.8594833 ], [ 2.3391045, 48.8594713 ], [ 2.339086, 48.8594763 ], [ 2.339034, 48.859487 ] ] ] } },
{ "type": "Feature", "properties": { "feature_id": "osm-way-454347277", "osm_way_id": "454347277", "osm_version": "3", "level": "0", "name": "Les Travaux et les Champs", "description": "Mapped indoor room at the Louvre Museum.", "source_url": "https://www.openstreetmap.org/way/454347277" }, "geometry": { "type": "Polygon", "coordinates": [ [ [ 2.3385694, 48.8596776 ], [ 2.3385563, 48.8596805 ], [ 2.3385147, 48.8596899 ], [ 2.3384034, 48.8597151 ], [ 2.338389, 48.8596874 ], [ 2.3383853, 48.8596802 ], [ 2.3383692, 48.8596491 ], [ 2.3383612, 48.8596337 ], [ 2.338347, 48.8596064 ], [ 2.3383441, 48.8596008 ], [ 2.3385103, 48.8595635 ], [ 2.3385189, 48.85958 ], [ 2.3385521, 48.8596442 ], [ 2.3385567, 48.8596531 ], [ 2.3385694, 48.8596776 ] ] ] } },
{ "type": "Feature", "properties": { "feature_id": "osm-way-441887066", "osm_way_id": "441887066", "osm_version": "5", "level": "0", "name": "Levant", "description": "Chypre, des origines à l'âge de fer", "source_url": "https://www.openstreetmap.org/way/441887066" }, "geometry": { "type": "Polygon", "coordinates": [ [ [ 2.3376263, 48.8608102 ], [ 2.3376124, 48.8607838 ], [ 2.3376089, 48.8607771 ], [ 2.3376056, 48.8607707 ], [ 2.3376015, 48.8607627 ], [ 2.3375921, 48.8607648 ], [ 2.337584, 48.8607491 ], [ 2.3377033, 48.860721 ], [ 2.337718, 48.8607175 ], [ 2.3377338, 48.8607138 ], [ 2.3377598, 48.8607077 ], [ 2.3377913, 48.8607002 ], [ 2.3378231, 48.8606927 ], [ 2.3378241, 48.8606925 ], [ 2.3378408, 48.8607252 ], [ 2.3378532, 48.8607224 ], [ 2.3378577, 48.8607232 ], [ 2.3378606, 48.860729 ], [ 2.3378575, 48.8607311 ], [ 2.3378452, 48.8607338 ], [ 2.337862, 48.8607666 ], [ 2.3378233, 48.8607751 ], [ 2.3377587, 48.8607896 ], [ 2.3376826, 48.8608065 ], [ 2.3376294, 48.8608185 ], [ 2.3376211, 48.8608204 ], [ 2.3376169, 48.8608124 ], [ 2.3376263, 48.8608102 ] ] ] } },
{ "type": "Feature", "properties": { "feature_id": "osm-way-441887071", "osm_way_id": "441887071", "osm_version": "5", "level": "0", "name": "Levant", "description": "Syrie intérieure, des origines à l'âge de fer", "source_url": "https://www.openstreetmap.org/way/441887071" }, "geometry": { "type": "Polygon", "coordinates": [ [ [ 2.3377117, 48.860977 ], [ 2.3377544, 48.8609675 ], [ 2.3378283, 48.8609511 ], [ 2.3379016, 48.8609349 ], [ 2.3379433, 48.8609257 ], [ 2.3379596, 48.8609577 ], [ 2.3379732, 48.8609547 ], [ 2.3379778, 48.8609562 ], [ 2.3379801, 48.8609605 ], [ 2.337977, 48.8609637 ], [ 2.3379641, 48.8609665 ], [ 2.3379803, 48.8609981 ], [ 2.3379425, 48.8610067 ], [ 2.3379365, 48.8610081 ], [ 2.3378699, 48.8610232 ], [ 2.3377925, 48.8610408 ], [ 2.3377864, 48.8610423 ], [ 2.3377635, 48.8610475 ], [ 2.3377399, 48.861053 ], [ 2.3377346, 48.8610428 ], [ 2.3377304, 48.8610347 ], [ 2.3377401, 48.8610325 ], [ 2.3377154, 48.8609849 ], [ 2.3377064, 48.860987 ], [ 2.3377023, 48.8609791 ], [ 2.3377117, 48.860977 ] ] ] } },
{ "type": "Feature", "properties": { "feature_id": "osm-way-441887072", "osm_way_id": "441887072", "osm_version": "4", "level": "0", "name": "Levant", "description": "Syrie côtière : Ougarit et Byblos, des origines à l'âge du fer", "source_url": "https://www.openstreetmap.org/way/441887072" }, "geometry": { "type": "Polygon", "coordinates": [ [ [ 2.337862, 48.8607666 ], [ 2.3378748, 48.8607637 ], [ 2.337879, 48.8607646 ], [ 2.3378817, 48.86077 ], [ 2.3378784, 48.8607722 ], [ 2.3378659, 48.8607749 ], [ 2.3378821, 48.8608067 ], [ 2.337896, 48.8608036 ], [ 2.3378967, 48.8608051 ], [ 2.3379038, 48.8608035 ], [ 2.3379064, 48.8608086 ], [ 2.3378985, 48.8608103 ], [ 2.3379042, 48.8608214 ], [ 2.3379118, 48.8608197 ], [ 2.3379151, 48.8608261 ], [ 2.3379085, 48.8608276 ], [ 2.3379162, 48.8608427 ], [ 2.337924, 48.860858 ], [ 2.3379302, 48.8608566 ], [ 2.3379331, 48.8608623 ], [ 2.3379264, 48.8608638 ], [ 2.3379321, 48.8608747 ], [ 2.3379392, 48.8608731 ], [ 2.3379421, 48.8608786 ], [ 2.3379351, 48.8608802 ], [ 2.3379362, 48.8608823 ], [ 2.337923, 48.8608852 ], [ 2.337939, 48.8609166 ], [ 2.3379517, 48.8609138 ], [ 2.3379558, 48.8609153 ], [ 2.3379585, 48.8609205 ], [ 2.3379558, 48.860923 ], [ 2.3379433, 48.8609257 ], [ 2.3379016, 48.8609349 ], [ 2.3378283, 48.8609511 ], [ 2.3377544, 48.8609675 ], [ 2.3377117, 48.860977 ], [ 2.3376871, 48.8609297 ], [ 2.3376783, 48.8609317 ], [ 2.3376741, 48.8609238 ], [ 2.3376833, 48.8609217 ], [ 2.3376579, 48.8608731 ], [ 2.3376493, 48.8608751 ], [ 2.3376452, 48.8608674 ], [ 2.3376538, 48.8608654 ], [ 2.3376294, 48.8608185 ], [ 2.3376826, 48.8608065 ], [ 2.3377587, 48.8607896 ], [ 2.3378233, 48.8607751 ], [ 2.337862, 48.8607666 ] ] ] } },
{ "type": "Feature", "properties": { "feature_id": "osm-way-441887073", "osm_way_id": "441887073", "osm_version": "9", "level": "0", "name": "Levant", "description": "Palestine et Transjordanie, des origines à l'âge de fer", "source_url": "https://www.openstreetmap.org/way/441887073" }, "geometry": { "type": "Polygon", "coordinates": [ [ [ 2.3377399, 48.861053 ], [ 2.3377635, 48.8610475 ], [ 2.3377864, 48.8610423 ], [ 2.3377925, 48.8610408 ], [ 2.3378699, 48.8610232 ], [ 2.3379365, 48.8610081 ], [ 2.3379425, 48.8610067 ], [ 2.3379803, 48.8609981 ], [ 2.3379924, 48.8609954 ], [ 2.3379935, 48.8609974 ], [ 2.3380022, 48.8609955 ], [ 2.338005, 48.861001 ], [ 2.3379966, 48.8610028 ], [ 2.3380016, 48.8610126 ], [ 2.3380094, 48.8610109 ], [ 2.3380122, 48.8610165 ], [ 2.3380042, 48.8610183 ], [ 2.3380109, 48.8610314 ], [ 2.3380176, 48.8610446 ], [ 2.3380257, 48.8610428 ], [ 2.3380287, 48.8610485 ], [ 2.3380218, 48.8610501 ], [ 2.3380264, 48.8610591 ], [ 2.3379695, 48.8610731 ], [ 2.3378962, 48.8610912 ], [ 2.337888, 48.8610931 ], [ 2.33788, 48.8610951 ], [ 2.3378691, 48.8610977 ], [ 2.3378606, 48.8610998 ], [ 2.3378529, 48.8611017 ], [ 2.3378417, 48.8611045 ], [ 2.337834, 48.8611064 ], [ 2.3378255, 48.8611085 ], [ 2.3377997, 48.8611148 ], [ 2.3377598, 48.8611246 ], [ 2.3377368, 48.8610805 ], [ 2.3377264, 48.8610828 ], [ 2.3377225, 48.8610754 ], [ 2.3377289, 48.8610739 ], [ 2.3377203, 48.8610575 ], [ 2.3377399, 48.861053 ] ] ] } },
{ "type": "Feature", "properties": { "feature_id": "osm-way-484185426", "osm_way_id": "484185426", "osm_version": "1", "level": "0", "name": "Levant", "description": "Mapped indoor room at the Louvre Museum.", "source_url": "https://www.openstreetmap.org/way/484185426" }, "geometry": { "type": "Polygon", "coordinates": [ [ [ 2.3394509, 48.8607573 ], [ 2.3394579, 48.8607557 ], [ 2.3394785, 48.8607509 ], [ 2.3395055, 48.8607447 ], [ 2.339512, 48.8607431 ], [ 2.3395985, 48.8607227 ], [ 2.3396005, 48.8607265 ], [ 2.3396045, 48.8607319 ], [ 2.339607, 48.8607373 ], [ 2.3396095, 48.8607424 ], [ 2.3396126, 48.8607485 ], [ 2.3396156, 48.860755 ], [ 2.3396261, 48.8607747 ], [ 2.3396385, 48.8607981 ], [ 2.3396477, 48.8608154 ], [ 2.3396528, 48.8608251 ], [ 2.339658, 48.8608364 ], [ 2.3396477, 48.8608388 ], [ 2.3395715, 48.8608561 ], [ 2.339511, 48.8608697 ], [ 2.3395055, 48.8608595 ], [ 2.3395036, 48.8608558 ], [ 2.339498, 48.8608455 ], [ 2.3394894, 48.8608294 ], [ 2.3394881, 48.8608272 ], [ 2.339479, 48.860812 ], [ 2.3394565, 48.8607678 ], [ 2.3394533, 48.8607618 ], [ 2.3394509, 48.8607573 ] ] ] } },
{ "type": "Feature", "properties": { "feature_id": "osm-way-454347271", "osm_way_id": "454347271", "osm_version": "5", "level": "0", "name": "Matériaux et techniques", "description": "Mapped indoor room at the Louvre Museum.", "source_url": "https://www.openstreetmap.org/way/454347271" }, "geometry": { "type": "Polygon", "coordinates": [ [ [ 2.3390431, 48.859675 ], [ 2.3390337, 48.8596773 ], [ 2.338995, 48.8596861 ], [ 2.3389861, 48.8596883 ], [ 2.3389716, 48.8596917 ], [ 2.3389632, 48.8596936 ], [ 2.33896, 48.8596944 ], [ 2.338955, 48.8596852 ], [ 2.3389082, 48.8596961 ], [ 2.3389014, 48.8596977 ], [ 2.3388956, 48.8596881 ], [ 2.3388789, 48.8596561 ], [ 2.3388563, 48.8596127 ], [ 2.3388814, 48.8596071 ], [ 2.3388937, 48.8596043 ], [ 2.3389057, 48.8596016 ], [ 2.3389367, 48.8595946 ], [ 2.3389848, 48.8595837 ], [ 2.3390177, 48.8595765 ], [ 2.3390689, 48.859669 ], [ 2.3390572, 48.8596717 ], [ 2.339049, 48.8596736 ], [ 2.3390431, 48.859675 ] ] ] } },
{ "type": "Feature", "properties": { "feature_id": "osm-way-484176957", "osm_way_id": "484176957", "osm_version": "2", "level": "0", "name": "Mésopotamie, Iran, Levant", "description": "Mapped indoor room at the Louvre Museum.", "source_url": "https://www.openstreetmap.org/way/484176957" }, "geometry": { "type": "Polygon", "coordinates": [ [ [ 2.3386271, 48.8611101 ], [ 2.3386197, 48.8610945 ], [ 2.3386054, 48.8610701 ], [ 2.3385984, 48.8610582 ], [ 2.3385843, 48.8610342 ], [ 2.338597, 48.8610313 ], [ 2.3386089, 48.8610286 ], [ 2.3386778, 48.8610134 ], [ 2.3386947, 48.8610097 ], [ 2.3387048, 48.8610074 ], [ 2.3387375, 48.8610001 ], [ 2.3387433, 48.8610114 ], [ 2.3387472, 48.861019 ], [ 2.3387511, 48.8610265 ], [ 2.338769, 48.8610612 ], [ 2.3387767, 48.8610766 ], [ 2.3387442, 48.8610835 ], [ 2.3386271, 48.8611101 ] ] ] } },
{ "type": "Feature", "properties": { "feature_id": "osm-way-484181199", "osm_way_id": "484181199", "osm_version": "2", "level": "0", "name": "Monde méditerranéen", "description": "Mapped indoor room at the Louvre Museum.", "source_url": "https://www.openstreetmap.org/way/484181199" }, "geometry": { "type": "Polygon", "coordinates": [ [ [ 2.3392364, 48.8609318 ], [ 2.3392538, 48.860963 ], [ 2.3391868, 48.8609788 ], [ 2.3391797, 48.8609674 ], [ 2.3391695, 48.8609489 ], [ 2.339206, 48.8609393 ], [ 2.3392364, 48.8609318 ] ] ] } },
{ "type": "Feature", "properties": { "feature_id": "osm-way-484181203", "osm_way_id": "484181203", "osm_version": "3", "level": "0", "name": "Monde méditerranéen", "description": "Mapped indoor room at the Louvre Museum.", "source_url": "https://www.openstreetmap.org/way/484181203" }, "geometry": { "type": "Polygon", "coordinates": [ [ [ 2.3390443, 48.8609317 ], [ 2.3391462, 48.8609057 ], [ 2.3391584, 48.8609297 ], [ 2.3391632, 48.860939 ], [ 2.3391695, 48.8609489 ], [ 2.3391797, 48.8609674 ], [ 2.3391868, 48.8609788 ], [ 2.3390946, 48.8610007 ], [ 2.3390634, 48.861008 ], [ 2.3390565, 48.860996 ], [ 2.339054, 48.8609964 ], [ 2.3390441, 48.8609917 ], [ 2.3390357, 48.8609854 ], [ 2.339022, 48.8609598 ], [ 2.3390188, 48.8609531 ], [ 2.3390173, 48.8609464 ], [ 2.3390206, 48.8609404 ], [ 2.3390269, 48.8609348 ], [ 2.3390443, 48.8609317 ] ] ] } },
{ "type": "Feature", "properties": { "feature_id": "osm-way-376836361", "osm_way_id": "376836361", "osm_version": "4", "level": "0", "name": "Rotonde de Mars", "description": "Mapped indoor room at the Louvre Museum.", "source_url": "https://www.openstreetmap.org/way/376836361" }, "geometry": { "type": "Polygon", "coordinates": [ [ [ 2.3368591, 48.8601035 ], [ 2.336862, 48.8600807 ], [ 2.336879, 48.8600593 ], [ 2.3369064, 48.8600438 ], [ 2.3369289, 48.860039 ], [ 2.3369546, 48.8600335 ], [ 2.3369931, 48.8600337 ], [ 2.3370282, 48.8600439 ], [ 2.3370417, 48.8600616 ], [ 2.337048, 48.8600778 ], [ 2.3370514, 48.8600965 ], [ 2.3370436, 48.8601092 ], [ 2.3370312, 48.8601215 ], [ 2.3370346, 48.860128 ], [ 2.3370387, 48.8601276 ], [ 2.3370419, 48.8601338 ], [ 2.3370427, 48.8601402 ], [ 2.3370302, 48.8601434 ], [ 2.3370322, 48.8601478 ], [ 2.33702, 48.8601503 ], [ 2.337016, 48.8601447 ], [ 2.3369465, 48.8601604 ], [ 2.3369503, 48.8601664 ], [ 2.3369377, 48.8601695 ], [ 2.3369343, 48.8601645 ], [ 2.3369217, 48.8601676 ], [ 2.3369117, 48.8601528 ], [ 2.3369162, 48.8601514 ], [ 2.3369134, 48.8601459 ], [ 2.3369023, 48.860144 ], [ 2.3368859, 48.860139 ], [ 2.336877, 48.8601331 ], [ 2.3368677, 48.8601201 ], [ 2.3368591, 48.8601035 ] ] ] } },
{ "type": "Feature", "properties": { "feature_id": "osm-way-376836350", "osm_way_id": "376836350", "osm_version": "6", "level": "0", "name": "Salle 413", "description": "Art romain : les Antonins, 138 à 193 ap. J.-C.", "source_url": "https://www.openstreetmap.org/way/376836350" }, "geometry": { "type": "Polygon", "coordinates": [ [ [ 2.3366269, 48.8596112 ], [ 2.3366021, 48.8595608 ], [ 2.3365778, 48.8595115 ], [ 2.3365721, 48.8594999 ], [ 2.3365766, 48.8594989 ], [ 2.3365806, 48.8594981 ], [ 2.3365729, 48.8594824 ], [ 2.3366944, 48.8594565 ], [ 2.3367022, 48.8594724 ], [ 2.3367205, 48.8594685 ], [ 2.3367744, 48.8595783 ], [ 2.3367752, 48.8595796 ], [ 2.3367017, 48.8595953 ], [ 2.3366269, 48.8596112 ] ] ] } },
{ "type": "Feature", "properties": { "feature_id": "osm-way-394887891", "osm_way_id": "394887891", "osm_version": "3", "level": "0", "name": "Salle de Diane", "description": "Antiquités grecques", "source_url": "https://www.openstreetmap.org/way/394887891" }, "geometry": { "type": "Polygon", "coordinates": [ [ [ 2.3371853, 48.8600673 ], [ 2.3371867, 48.8600701 ], [ 2.3371662, 48.8600745 ], [ 2.3371692, 48.8600807 ], [ 2.3371585, 48.860083 ], [ 2.3371561, 48.860078 ], [ 2.3370913, 48.860092 ], [ 2.3370941, 48.8600975 ], [ 2.3370816, 48.8601002 ], [ 2.337079, 48.860095 ], [ 2.3370604, 48.860099 ], [ 2.3370584, 48.860095 ], [ 2.3370417, 48.8600616 ], [ 2.3370053, 48.8599886 ], [ 2.3371416, 48.8599591 ], [ 2.3371457, 48.8599583 ], [ 2.3371763, 48.8600182 ], [ 2.3371885, 48.8600411 ], [ 2.3371986, 48.8600644 ], [ 2.3371853, 48.8600673 ] ] ] } },
{ "type": "Feature", "properties": { "feature_id": "osm-way-453817508", "osm_way_id": "453817508", "osm_version": "2", "level": "0", "name": "Salle de la Vénus de Milo", "description": "Mapped indoor room at the Louvre Museum.", "source_url": "https://www.openstreetmap.org/way/453817508" }, "geometry": { "type": "Polygon", "coordinates": [ [ [ 2.3371763, 48.8600182 ], [ 2.3371457, 48.8599583 ], [ 2.3371416, 48.8599591 ], [ 2.3371021, 48.8598668 ], [ 2.3371675, 48.8598547 ], [ 2.3371686, 48.8598518 ], [ 2.3373506, 48.8598083 ], [ 2.3373582, 48.859823 ], [ 2.3373923, 48.8598154 ], [ 2.3374479, 48.8599219 ], [ 2.3374132, 48.8599293 ], [ 2.3374288, 48.8599605 ], [ 2.3371763, 48.8600182 ] ] ] } },
{ "type": "Feature", "properties": { "feature_id": "osm-way-394887893", "osm_way_id": "394887893", "osm_version": "11", "level": "0", "name": "Salle des Caryatides", "description": "Antiquités grecques", "source_url": "https://www.openstreetmap.org/way/394887893" }, "geometry": { "type": "Polygon", "coordinates": [ [ [ 2.3372551, 48.8601346 ], [ 2.3372324, 48.8600909 ], [ 2.3372238, 48.8600928 ], [ 2.3372151, 48.8600759 ], [ 2.337206, 48.8600779 ], [ 2.3371998, 48.8600661 ], [ 2.3372539, 48.8600537 ], [ 2.3374547, 48.8600087 ], [ 2.337467, 48.8600058 ], [ 2.3374855, 48.8600015 ], [ 2.3375025, 48.8600343 ], [ 2.3375067, 48.8600424 ], [ 2.3375128, 48.860041 ], [ 2.3375158, 48.8600469 ], [ 2.3375086, 48.8600485 ], [ 2.3375224, 48.860075 ], [ 2.33753, 48.8600733 ], [ 2.3375326, 48.8600784 ], [ 2.3375248, 48.8600802 ], [ 2.33753, 48.8600902 ], [ 2.3375366, 48.8600887 ], [ 2.3375394, 48.8600941 ], [ 2.3375331, 48.8600955 ], [ 2.3375341, 48.8600973 ], [ 2.3375204, 48.8601003 ], [ 2.3375374, 48.8601331 ], [ 2.3375533, 48.8601296 ], [ 2.3375571, 48.8601371 ], [ 2.3375413, 48.8601406 ], [ 2.3375584, 48.8601737 ], [ 2.3375747, 48.86017 ], [ 2.3375786, 48.8601774 ], [ 2.3375615, 48.8601813 ], [ 2.3375783, 48.8602136 ], [ 2.3375912, 48.8602107 ], [ 2.3375923, 48.8602129 ], [ 2.3376006, 48.860211 ], [ 2.3376032, 48.8602161 ], [ 2.3375952, 48.8602179 ], [ 2.3376008, 48.8602289 ], [ 2.3376078, 48.8602273 ], [ 2.3376107, 48.8602331 ], [ 2.3376036, 48.8602347 ], [ 2.3376197, 48.8602657 ], [ 2.3376273, 48.860264 ], [ 2.3376302, 48.8602696 ], [ 2.3376221, 48.8602714 ], [ 2.3376276, 48.8602821 ], [ 2.3376355, 48.8602804 ], [ 2.3376384, 48.860286 ], [ 2.3376315, 48.8602876 ], [ 2.3376325, 48.8602895 ], [ 2.3376189, 48.8602925 ], [ 2.3376354, 48.8603244 ], [ 2.3376506, 48.860321 ], [ 2.3376545, 48.8603286 ], [ 2.3376392, 48.860332 ], [ 2.3376567, 48.8603656 ], [ 2.3376734, 48.8603618 ], [ 2.3376774, 48.8603694 ], [ 2.3376608, 48.8603732 ], [ 2.3376763, 48.860403 ], [ 2.3376661, 48.8604045 ], [ 2.3376617, 48.8604056 ], [ 2.3376528, 48.8604076 ], [ 2.3376439, 48.8604097 ], [ 2.3376362, 48.8604115 ], [ 2.3376285, 48.8604133 ], [ 2.3376182, 48.8604157 ], [ 2.3376097, 48.8604177 ], [ 2.3376034, 48.8604192 ], [ 2.3375773, 48.8604253 ], [ 2.3375574, 48.86043 ], [ 2.3375299, 48.8604365 ], [ 2.3374961, 48.8604444 ], [ 2.3374357, 48.8604579 ], [ 2.3374265, 48.8604402 ], [ 2.337436, 48.8604381 ], [ 2.337412, 48.8603917 ], [ 2.3374027, 48.8603938 ], [ 2.3373982, 48.8603851 ], [ 2.3374078, 48.860383 ], [ 2.3373837, 48.8603364 ], [ 2.3373743, 48.8603385 ], [ 2.3373699, 48.8603301 ], [ 2.3373795, 48.8603279 ], [ 2.3373554, 48.8602814 ], [ 2.3373467, 48.8602834 ], [ 2.3373422, 48.8602747 ], [ 2.3373515, 48.8602726 ], [ 2.3373273, 48.8602259 ], [ 2.3373182, 48.8602279 ], [ 2.3373138, 48.8602193 ], [ 2.3373233, 48.8602171 ], [ 2.3372993, 48.8601707 ], [ 2.3372896, 48.8601728 ], [ 2.3372798, 48.8601539 ], [ 2.3372639, 48.8601575 ], [ 2.3372566, 48.8601434 ], [ 2.3372496, 48.860145 ], [ 2.3372454, 48.8601368 ], [ 2.3372551, 48.8601346 ] ] ] } },
{ "type": "Feature", "properties": { "feature_id": "osm-way-376833042", "osm_way_id": "376833042", "osm_version": "5", "level": "0", "name": "Salle des Empereurs", "description": "Rome et les provinces : la dynastie sévérienne, 193 à 235 ap. J.-C.", "source_url": "https://www.openstreetmap.org/way/376833042" }, "geometry": { "type": "Polygon", "coordinates": [ [ [ 2.3362564, 48.8595876 ], [ 2.3362692, 48.8595845 ], [ 2.3365778, 48.8595115 ], [ 2.3366021, 48.8595608 ], [ 2.3366269, 48.8596112 ], [ 2.3363105, 48.8596869 ], [ 2.3362868, 48.8596437 ], [ 2.336283, 48.8596366 ], [ 2.3362788, 48.8596289 ], [ 2.3362564, 48.8595876 ] ] ] } },
{ "type": "Feature", "properties": { "feature_id": "osm-way-376842013", "osm_way_id": "376842013", "osm_version": "3", "level": "0", "name": "Salle des Saisons", "description": "Art romain : la dynastie julio-claudienne, 27 av. J.-C. à 14 ap. J.-C.", "source_url": "https://www.openstreetmap.org/way/376842013" }, "geometry": { "type": "Polygon", "coordinates": [ [ [ 2.3369419, 48.8599106 ], [ 2.3368714, 48.8599256 ], [ 2.3367902, 48.8599429 ], [ 2.3367549, 48.8598713 ], [ 2.3367307, 48.8598222 ], [ 2.336812, 48.8598048 ], [ 2.3368824, 48.8597898 ], [ 2.3369419, 48.8599106 ] ] ] } },
{ "type": "Feature", "properties": { "feature_id": "osm-way-376842014", "osm_way_id": "376842014", "osm_version": "7", "level": "0", "name": "Salon de la Paix", "description": "Art romain : la dynastie julio-claudienne, successeurs d'Auguste, 14 à 68 ap. J.-C.", "source_url": "https://www.openstreetmap.org/way/376842014" }, "geometry": { "type": "Polygon", "coordinates": [ [ [ 2.3367307, 48.8598222 ], [ 2.3367166, 48.8597935 ], [ 2.3367111, 48.8597823 ], [ 2.3366885, 48.8597363 ], [ 2.3367704, 48.8597189 ], [ 2.3368368, 48.8597048 ], [ 2.3368439, 48.8597192 ], [ 2.3368586, 48.8597161 ], [ 2.3368724, 48.8597441 ], [ 2.3368861, 48.8597721 ], [ 2.3368748, 48.8597745 ], [ 2.3368824, 48.8597898 ], [ 2.336812, 48.8598048 ], [ 2.3367307, 48.8598222 ] ] ] } },
{ "type": "Feature", "properties": { "feature_id": "osm-way-376841988", "osm_way_id": "376841988", "osm_version": "4", "level": "0", "name": "Salon de la Reine", "description": "Art romain : époque républicaine, IIe - Ier siècle av. J.-C.", "source_url": "https://www.openstreetmap.org/way/376841988" }, "geometry": { "type": "Polygon", "coordinates": [ [ [ 2.3367902, 48.8599429 ], [ 2.3368714, 48.8599256 ], [ 2.3369419, 48.8599106 ], [ 2.3369824, 48.859993 ], [ 2.3369979, 48.8600243 ], [ 2.3369546, 48.8600335 ], [ 2.3369289, 48.860039 ], [ 2.3369064, 48.8600438 ], [ 2.3368461, 48.8600566 ], [ 2.3368109, 48.859985 ], [ 2.3368074, 48.8599779 ], [ 2.336794, 48.8599507 ], [ 2.3367902, 48.8599429 ] ] ] } },
{ "type": "Feature", "properties": { "feature_id": "osm-way-493448188", "osm_way_id": "493448188", "osm_version": "2", "level": "0", "name": "Vestibule Denon", "description": "Mapped indoor room at the Louvre Museum.", "source_url": "https://www.openstreetmap.org/way/493448188" }, "geometry": { "type": "Polygon", "coordinates": [ [ [ 2.3354163, 48.8604658 ], [ 2.3354106, 48.8604554 ], [ 2.3354034, 48.8604424 ], [ 2.3353879, 48.8604142 ], [ 2.3353806, 48.8604014 ], [ 2.3353735, 48.8603889 ], [ 2.3353405, 48.8603292 ], [ 2.3353513, 48.8603266 ], [ 2.335362, 48.8603239 ], [ 2.3354138, 48.8603112 ], [ 2.3354053, 48.8602962 ], [ 2.3354423, 48.8602872 ], [ 2.3354789, 48.8602783 ], [ 2.3354876, 48.8602937 ], [ 2.3355484, 48.8602792 ], [ 2.3355591, 48.8602766 ], [ 2.3355698, 48.860274 ], [ 2.3356043, 48.8603331 ], [ 2.3356116, 48.8603459 ], [ 2.3356189, 48.8603586 ], [ 2.3356349, 48.8603888 ], [ 2.3356506, 48.8603857 ], [ 2.3356606, 48.8604011 ], [ 2.3356643, 48.8604075 ], [ 2.3356475, 48.860411 ], [ 2.3356641, 48.8604406 ], [ 2.3356151, 48.8604525 ], [ 2.3356281, 48.8604758 ], [ 2.3355961, 48.8604836 ], [ 2.3355881, 48.8604693 ], [ 2.3355186, 48.8604862 ], [ 2.3355266, 48.8605006 ], [ 2.335495, 48.8605083 ], [ 2.3354822, 48.8604855 ], [ 2.335433, 48.8604974 ], [ 2.3354163, 48.8604658 ] ] ] } },
{ "type": "Feature", "properties": { "feature_id": "osm-way-481187490", "osm_way_id": "481187490", "osm_version": "2", "level": "1", "name": "Aline Guerrand-Hermès", "description": "Mapped indoor room at the Louvre Museum.", "source_url": "https://www.openstreetmap.org/way/481187490" }, "geometry": { "type": "Polygon", "coordinates": [ [ [ 2.3393316, 48.8608736 ], [ 2.3393208, 48.8608514 ], [ 2.3393505, 48.8608442 ], [ 2.3393621, 48.8608658 ], [ 2.3393467, 48.8608697 ], [ 2.3393316, 48.8608736 ] ] ] } },
{ "type": "Feature", "properties": { "feature_id": "osm-way-479862761", "osm_way_id": "479862761", "osm_version": "1", "level": "1", "name": "Breteuil", "description": "Mapped indoor room at the Louvre Museum.", "source_url": "https://www.openstreetmap.org/way/479862761" }, "geometry": { "type": "Polygon", "coordinates": [ [ [ 2.3387862, 48.860916 ], [ 2.3387854, 48.8609077 ], [ 2.3387883, 48.8608982 ], [ 2.3388017, 48.8608849 ], [ 2.338833, 48.860876 ], [ 2.3388609, 48.8608799 ], [ 2.338875, 48.8608872 ], [ 2.3388831, 48.8608953 ], [ 2.3388872, 48.8609039 ], [ 2.3388846, 48.8609218 ], [ 2.338871, 48.8609351 ], [ 2.3388371, 48.8609426 ], [ 2.3388156, 48.8609405 ], [ 2.3387913, 48.8609255 ], [ 2.3387862, 48.860916 ] ] ] } },
{ "type": "Feature", "properties": { "feature_id": "osm-way-441897361", "osm_way_id": "441897361", "osm_version": "5", "level": "1", "name": "Bureau de l'Électeur de Bavière", "description": "Mobilier et objets d'art de la fin du règne de Louis XIV et du début de la Régence, 1700-1720", "source_url": "https://www.openstreetmap.org/way/441897361" }, "geometry": { "type": "Polygon", "coordinates": [ [ [ 2.3377117, 48.860977 ], [ 2.3377544, 48.8609675 ], [ 2.3379016, 48.8609349 ], [ 2.3379433, 48.8609257 ], [ 2.3379596, 48.8609577 ], [ 2.3379732, 48.8609547 ], [ 2.3379778, 48.8609562 ], [ 2.3379801, 48.8609605 ], [ 2.337977, 48.8609637 ], [ 2.3379641, 48.8609665 ], [ 2.3379803, 48.8609981 ], [ 2.3379425, 48.8610067 ], [ 2.3379365, 48.8610081 ], [ 2.3378699, 48.8610232 ], [ 2.3377925, 48.8610408 ], [ 2.3377864, 48.8610423 ], [ 2.3377635, 48.8610475 ], [ 2.3377399, 48.861053 ], [ 2.3377346, 48.8610428 ], [ 2.3377304, 48.8610347 ], [ 2.3377401, 48.8610325 ], [ 2.3377154, 48.8609849 ], [ 2.3377064, 48.860987 ], [ 2.3377023, 48.8609791 ], [ 2.3377117, 48.860977 ] ] ] } },
{ "type": "Feature", "properties": { "feature_id": "osm-way-479713219", "osm_way_id": "479713219", "osm_version": "1", "level": "1", "name": "Cabinet chinois", "description": "Mapped indoor room at the Louvre Museum.", "source_url": "https://www.openstreetmap.org/way/479713219" }, "geometry": { "type": "Polygon", "coordinates": [ [ [ 2.3384077, 48.8609938 ], [ 2.338427, 48.8609896 ], [ 2.3384749, 48.8609789 ], [ 2.3384812, 48.8609775 ], [ 2.3384872, 48.8609862 ], [ 2.3384922, 48.8609934 ], [ 2.3385107, 48.8610288 ], [ 2.3384348, 48.8610468 ], [ 2.3384188, 48.8610158 ], [ 2.3384133, 48.8610049 ], [ 2.3384077, 48.8609938 ] ] ] } },
{ "type": "Feature", "properties": { "feature_id": "osm-way-479711218", "osm_way_id": "479711218", "osm_version": "1", "level": "1", "name": "Cabinet de l'hôtel de Villemaré-Dangé", "description": "Mapped indoor room at the Louvre Museum.", "source_url": "https://www.openstreetmap.org/way/479711218" }, "geometry": { "type": "Polygon", "coordinates": [ [ [ 2.3381418, 48.8610818 ], [ 2.3381708, 48.8610748 ], [ 2.3381802, 48.8610726 ], [ 2.3381905, 48.8610701 ], [ 2.3382144, 48.8610644 ], [ 2.338246, 48.8611256 ], [ 2.3382485, 48.8611305 ], [ 2.3382224, 48.861136 ], [ 2.3382136, 48.8611379 ], [ 2.3382065, 48.8611393 ], [ 2.3381751, 48.8611461 ], [ 2.3381675, 48.861132 ], [ 2.3381447, 48.8610877 ], [ 2.3381418, 48.8610818 ] ] ] } },
{ "type": "Feature", "properties": { "feature_id": "osm-way-481189058", "osm_way_id": "481189058", "osm_version": "1", "level": "1", "name": "Cabinet Marie-Antoinette", "description": "Mapped indoor room at the Louvre Museum.", "source_url": "https://www.openstreetmap.org/way/481189058" }, "geometry": { "type": "Polygon", "coordinates": [ [ [ 2.3395497, 48.8608155 ], [ 2.3396258, 48.8607967 ], [ 2.3396477, 48.8608388 ], [ 2.3395715, 48.8608561 ], [ 2.3395656, 48.8608453 ], [ 2.3395623, 48.8608392 ], [ 2.3395573, 48.8608296 ], [ 2.3395497, 48.8608155 ] ] ] } },
{ "type": "Feature", "properties": { "feature_id": "osm-way-479862748", "osm_way_id": "479862748", "osm_version": "1", "level": "1", "name": "Cabinet René Grog et Marie-Louise Grog-Carven", "description": "Mapped indoor room at the Louvre Museum.", "source_url": "https://www.openstreetmap.org/way/479862748" }, "geometry": { "type": "Polygon", "coordinates": [ [ [ 2.3387008, 48.8609033 ], [ 2.3387127, 48.8609011 ], [ 2.3387453, 48.8608932 ], [ 2.338759, 48.8609132 ], [ 2.3387634, 48.8609219 ], [ 2.3387681, 48.8609309 ], [ 2.338779, 48.8609546 ], [ 2.3387349, 48.8609634 ], [ 2.3387229, 48.8609414 ], [ 2.3387204, 48.860936 ], [ 2.3387178, 48.8609314 ], [ 2.3387147, 48.8609254 ], [ 2.3387008, 48.8609033 ] ] ] } },
{ "type": "Feature", "properties": { "feature_id": "osm-way-481187486", "osm_way_id": "481187486", "osm_version": "2", "level": "1", "name": "Cabinet turc", "description": "Mapped indoor room at the Louvre Museum.", "source_url": "https://www.openstreetmap.org/way/481187486" }, "geometry": { "type": "Polygon", "coordinates": [ [ [ 2.3392403, 48.8608059 ], [ 2.3393202, 48.8607874 ], [ 2.3393248, 48.8607956 ], [ 2.3393505, 48.8608442 ], [ 2.3393208, 48.8608514 ], [ 2.3392875, 48.8608597 ], [ 2.3392732, 48.8608631 ], [ 2.339245, 48.8608136 ], [ 2.3392403, 48.8608059 ] ] ] } },
{ "type": "Feature", "properties": { "feature_id": "osm-way-636502284", "osm_way_id": "636502284", "osm_version": "1", "level": "1", "name": "Céramique grecque - époque géométrique et orientalisante", "description": "Mapped indoor room at the Louvre Museum.", "source_url": "https://www.openstreetmap.org/way/636502284" }, "geometry": { "type": "Polygon", "coordinates": [ [ [ 2.3380544, 48.8596659 ], [ 2.3380495, 48.8596506 ], [ 2.3380418, 48.8596357 ], [ 2.3381598, 48.8596088 ], [ 2.3382817, 48.8595813 ], [ 2.3382894, 48.859596 ], [ 2.3382986, 48.8596177 ], [ 2.3383051, 48.859631 ], [ 2.3383116, 48.8596441 ], [ 2.3383364, 48.8596943 ], [ 2.3382398, 48.8597177 ], [ 2.3382151, 48.8597237 ], [ 2.3381903, 48.8597297 ], [ 2.3381007, 48.8597513 ], [ 2.3380748, 48.8597034 ], [ 2.3380685, 48.8596919 ], [ 2.3380614, 48.8596788 ], [ 2.3380544, 48.8596659 ] ] ] } },
{ "type": "Feature", "properties": { "feature_id": "osm-way-636502270", "osm_way_id": "636502270", "osm_version": "1", "level": "1", "name": "Céramique grecque à figures noires", "description": "Mapped indoor room at the Louvre Museum.", "source_url": "https://www.openstreetmap.org/way/636502270" }, "geometry": { "type": "Polygon", "coordinates": [ [ [ 2.3385103, 48.8595635 ], [ 2.3385189, 48.85958 ], [ 2.3385521, 48.8596442 ], [ 2.3383853, 48.8596802 ], [ 2.3383612, 48.8596337 ], [ 2.3383116, 48.8596441 ], [ 2.3383051, 48.859631 ], [ 2.3382986, 48.8596177 ], [ 2.338347, 48.8596064 ], [ 2.3383441, 48.8596008 ], [ 2.3385103, 48.8595635 ] ] ] } },
{ "type": "Feature", "properties": { "feature_id": "osm-way-636502274", "osm_way_id": "636502274", "osm_version": "1", "level": "1", "name": "Céramique grecque à figures noires", "description": "Mapped indoor room at the Louvre Museum.", "source_url": "https://www.openstreetmap.org/way/636502274" }, "geometry": { "type": "Polygon", "coordinates": [ [ [ 2.3387136, 48.8596095 ], [ 2.3385521, 48.8596442 ], [ 2.3385189, 48.85958 ], [ 2.3385103, 48.8595635 ], [ 2.3386704, 48.8595276 ], [ 2.3386818, 48.8595493 ], [ 2.3387136, 48.8596095 ] ] ] } },
{ "type": "Feature", "properties": { "feature_id": "osm-way-636502266", "osm_way_id": "636502266", "osm_version": "1", "level": "1", "name": "Céramique grecque à figures rouges", "description": "Mapped indoor room at the Louvre Museum.", "source_url": "https://www.openstreetmap.org/way/636502266" }, "geometry": { "type": "Polygon", "coordinates": [ [ [ 2.3389588, 48.8594629 ], [ 2.3389666, 48.8594781 ], [ 2.3389724, 48.8594893 ], [ 2.338978, 48.8594999 ], [ 2.3390027, 48.8595459 ], [ 2.3388898, 48.859571 ], [ 2.3388769, 48.859574 ], [ 2.338865, 48.8595767 ], [ 2.3388468, 48.8595808 ], [ 2.3388125, 48.8595153 ], [ 2.3388033, 48.8594977 ], [ 2.3388458, 48.8594883 ], [ 2.3388779, 48.859481 ], [ 2.3389588, 48.8594629 ] ] ] } },
{ "type": "Feature", "properties": { "feature_id": "osm-way-636502283", "osm_way_id": "636502283", "osm_version": "1", "level": "1", "name": "Céramique grecque à figures rouges", "description": "Mapped indoor room at the Louvre Museum.", "source_url": "https://www.openstreetmap.org/way/636502283" }, "geometry": { "type": "Polygon", "coordinates": [ [ [ 2.3388033, 48.8594977 ], [ 2.3388125, 48.8595153 ], [ 2.3388468, 48.8595808 ], [ 2.3387136, 48.8596095 ], [ 2.3386818, 48.8595493 ], [ 2.3386704, 48.8595276 ], [ 2.3387318, 48.8595138 ], [ 2.3388033, 48.8594977 ] ] ] } },
{ "type": "Feature", "properties": { "feature_id": "osm-way-479862762", "osm_way_id": "479862762", "osm_version": "4", "level": "1", "name": "Chambre de parade de l'hôtel de Chevreuse", "description": "Mapped indoor room at the Louvre Museum.", "source_url": "https://www.openstreetmap.org/way/479862762" }, "geometry": { "type": "Polygon", "coordinates": [ [ [ 2.3391868, 48.8609788 ], [ 2.3390946, 48.8610007 ], [ 2.3390893, 48.8609911 ], [ 2.3390725, 48.8609604 ], [ 2.3391101, 48.8609515 ], [ 2.3391632, 48.860939 ], [ 2.3391695, 48.8609489 ], [ 2.3391797, 48.8609674 ], [ 2.3391868, 48.8609788 ] ] ] } },
{ "type": "Feature", "properties": { "feature_id": "osm-way-441897380", "osm_way_id": "441897380", "osm_version": "8", "level": "1", "name": "Charles Cressent", "description": "Mobilier et objets d'art de la première moitié du 18e siècle", "source_url": "https://www.openstreetmap.org/way/441897380" }, "geometry": { "type": "Polygon", "coordinates": [ [ [ 2.3377399, 48.861053 ], [ 2.3377635, 48.8610475 ], [ 2.3377864, 48.8610423 ], [ 2.3377925, 48.8610408 ], [ 2.3378699, 48.8610232 ], [ 2.3379365, 48.8610081 ], [ 2.3379425, 48.8610067 ], [ 2.3379803, 48.8609981 ], [ 2.3379924, 48.8609954 ], [ 2.3379935, 48.8609974 ], [ 2.3380022, 48.8609955 ], [ 2.338005, 48.861001 ], [ 2.3379966, 48.8610028 ], [ 2.3380016, 48.8610126 ], [ 2.3380094, 48.8610109 ], [ 2.3380122, 48.8610165 ], [ 2.3380042, 48.8610183 ], [ 2.3380109, 48.8610314 ], [ 2.3380176, 48.8610446 ], [ 2.3380257, 48.8610428 ], [ 2.3380287, 48.8610485 ], [ 2.3380218, 48.8610501 ], [ 2.3380264, 48.8610591 ], [ 2.3379695, 48.8610731 ], [ 2.3378962, 48.8610912 ], [ 2.337888, 48.8610931 ], [ 2.33788, 48.8610951 ], [ 2.3378691, 48.8610977 ], [ 2.3378606, 48.8610998 ], [ 2.3378529, 48.8611017 ], [ 2.3378417, 48.8611045 ], [ 2.337834, 48.8611064 ], [ 2.3378255, 48.8611085 ], [ 2.3377997, 48.8611148 ], [ 2.3377598, 48.8611246 ], [ 2.3377368, 48.8610805 ], [ 2.3377264, 48.8610828 ], [ 2.3377225, 48.8610754 ], [ 2.3377289, 48.8610739 ], [ 2.3377203, 48.8610575 ], [ 2.3377399, 48.861053 ] ] ] } },
{ "type": "Feature", "properties": { "feature_id": "osm-way-455698473", "osm_way_id": "455698473", "osm_version": "4", "level": "1", "name": "Clarac", "description": "Mapped indoor room at the Louvre Museum.", "source_url": "https://www.openstreetmap.org/way/455698473" }, "geometry": { "type": "Polygon", "coordinates": [ [ [ 2.337543, 48.8600057 ], [ 2.3375346, 48.8599901 ], [ 2.3375213, 48.8599653 ], [ 2.3375087, 48.8599419 ], [ 2.3375021, 48.8599296 ], [ 2.3376165, 48.859903 ], [ 2.3376214, 48.8599122 ], [ 2.3376376, 48.8599424 ], [ 2.3376507, 48.8599667 ], [ 2.3376576, 48.8599795 ], [ 2.3376491, 48.8599815 ], [ 2.3376017, 48.8599923 ], [ 2.337543, 48.8600057 ] ] ] } },
{ "type": "Feature", "properties": { "feature_id": "osm-way-366134895", "osm_way_id": "366134895", "osm_version": "13", "level": "1", "name": "Daru, néoclassicisme", "description": "Peintures françaises", "source_url": "https://www.openstreetmap.org/way/366134895" }, "geometry": { "type": "Polygon", "coordinates": [ [ [ 2.3357103, 48.8604003 ], [ 2.3357079, 48.860396 ], [ 2.3357045, 48.86039 ], [ 2.3357004, 48.8603829 ], [ 2.3356784, 48.860344 ], [ 2.3356711, 48.8603311 ], [ 2.3356639, 48.8603184 ], [ 2.3356537, 48.8603003 ], [ 2.3356299, 48.8602583 ], [ 2.3356619, 48.8602505 ], [ 2.3357007, 48.860241 ], [ 2.3357107, 48.8602385 ], [ 2.3357203, 48.8602362 ], [ 2.3357707, 48.8602238 ], [ 2.3357807, 48.8602214 ], [ 2.3357903, 48.860219 ], [ 2.3360766, 48.8601488 ], [ 2.3362434, 48.8601081 ], [ 2.3362533, 48.8601057 ], [ 2.3362629, 48.8601034 ], [ 2.3362775, 48.8600998 ], [ 2.336303, 48.8600935 ], [ 2.3363297, 48.8601404 ], [ 2.3363414, 48.8601609 ], [ 2.3363531, 48.8601814 ], [ 2.3363838, 48.8602354 ], [ 2.3361938, 48.8602814 ], [ 2.3361571, 48.8602904 ], [ 2.3357103, 48.8604003 ] ] ] } },
{ "type": "Feature", "properties": { "feature_id": "osm-way-481188227", "osm_way_id": "481188227", "osm_version": "1", "level": "1", "name": "David, Pierre et Michel David-Weill", "description": "Mapped indoor room at the Louvre Museum.", "source_url": "https://www.openstreetmap.org/way/481188227" }, "geometry": { "type": "Polygon", "coordinates": [ [ [ 2.3393505, 48.8608442 ], [ 2.3394603, 48.8608166 ], [ 2.339479, 48.860812 ], [ 2.3394881, 48.8608272 ], [ 2.339498, 48.8608455 ], [ 2.3395036, 48.8608558 ], [ 2.3395055, 48.8608595 ], [ 2.339511, 48.8608697 ], [ 2.3393798, 48.8608993 ], [ 2.3393722, 48.8608839 ], [ 2.3393621, 48.8608658 ], [ 2.3393505, 48.8608442 ] ] ] } },
{ "type": "Feature", "properties": { "feature_id": "osm-way-458962702", "osm_way_id": "458962702", "osm_version": "3", "level": "1", "name": "De l'an mille à la première domination perse", "description": "Mapped indoor room at the Louvre Museum.", "source_url": "https://www.openstreetmap.org/way/458962702" }, "geometry": { "type": "Polygon", "coordinates": [ [ [ 2.3387569, 48.8597124 ], [ 2.3387602, 48.8597187 ], [ 2.3387661, 48.8597295 ], [ 2.3387701, 48.859737 ], [ 2.3387632, 48.8597386 ], [ 2.3387542, 48.8597406 ], [ 2.3387153, 48.8597496 ], [ 2.3387064, 48.8597516 ], [ 2.3386922, 48.8597549 ], [ 2.3386842, 48.8597567 ], [ 2.3386802, 48.8597576 ], [ 2.3386756, 48.8597489 ], [ 2.3386284, 48.8597597 ], [ 2.3386147, 48.8597628 ], [ 2.3385664, 48.8597739 ], [ 2.3385595, 48.8597748 ], [ 2.338554, 48.8597653 ], [ 2.3385501, 48.8597579 ], [ 2.3385359, 48.8597301 ], [ 2.3385262, 48.8597121 ], [ 2.3385227, 48.8597054 ], [ 2.3385147, 48.8596899 ], [ 2.3385563, 48.8596805 ], [ 2.3385694, 48.8596776 ], [ 2.3387208, 48.8596434 ], [ 2.3387287, 48.8596585 ], [ 2.3387425, 48.8596849 ], [ 2.3387569, 48.8597124 ] ] ] } },
{ "type": "Feature", "properties": { "feature_id": "osm-way-458962703", "osm_way_id": "458962703", "osm_version": "3", "level": "1", "name": "Des derniers pharaons égyptiens à Cléopâtre", "description": "Mapped indoor room at the Louvre Museum.", "source_url": "https://www.openstreetmap.org/way/458962703" }, "geometry": { "type": "Polygon", "coordinates": [ [ [ 2.3385359, 48.8597301 ], [ 2.3385501, 48.8597579 ], [ 2.338554, 48.8597653 ], [ 2.3385595, 48.8597748 ], [ 2.3385522, 48.8597765 ], [ 2.3385061, 48.8597872 ], [ 2.3385109, 48.8597962 ], [ 2.338507, 48.8597971 ], [ 2.3384991, 48.8597989 ], [ 2.3384845, 48.8598023 ], [ 2.3384797, 48.8598034 ], [ 2.3384754, 48.8598043 ], [ 2.3384369, 48.8598133 ], [ 2.3384264, 48.8598147 ], [ 2.33842, 48.8598161 ], [ 2.3383966, 48.859773 ], [ 2.3383781, 48.8597389 ], [ 2.3383731, 48.8597296 ], [ 2.3383692, 48.8597225 ], [ 2.3383957, 48.8597168 ], [ 2.3384034, 48.8597151 ], [ 2.3385147, 48.8596899 ], [ 2.3385227, 48.8597054 ], [ 2.3385262, 48.8597121 ], [ 2.3385359, 48.8597301 ] ] ] } },
{ "type": "Feature", "properties": { "feature_id": "osm-way-479862749", "osm_way_id": "479862749", "osm_version": "2", "level": "1", "name": "Djanhangir Riahi", "description": "Mapped indoor room at the Louvre Museum.", "source_url": "https://www.openstreetmap.org/way/479862749" }, "geometry": { "type": "Polygon", "coordinates": [ [ [ 2.3389604, 48.8608884 ], [ 2.3389702, 48.8609079 ], [ 2.3389211, 48.8609196 ], [ 2.3389109, 48.8608985 ], [ 2.3389061, 48.8608892 ], [ 2.3389014, 48.8608802 ], [ 2.3388904, 48.8608605 ], [ 2.3389192, 48.8608537 ], [ 2.3389401, 48.8608489 ], [ 2.3389447, 48.8608572 ], [ 2.3389473, 48.8608627 ], [ 2.338952, 48.8608727 ], [ 2.3389555, 48.8608792 ], [ 2.3389588, 48.8608853 ], [ 2.3389604, 48.8608884 ] ] ] } },
{ "type": "Feature", "properties": { "feature_id": "osm-way-479862751", "osm_way_id": "479862751", "osm_version": "2", "level": "1", "name": "Edmond de Rotschild", "description": "Mapped indoor room at the Louvre Museum.", "source_url": "https://www.openstreetmap.org/way/479862751" }, "geometry": { "type": "Polygon", "coordinates": [ [ [ 2.3388859, 48.8609987 ], [ 2.3388308, 48.8610099 ], [ 2.3388203, 48.8609891 ], [ 2.3388078, 48.8609656 ], [ 2.3388449, 48.8609578 ], [ 2.3388615, 48.8609542 ], [ 2.3388787, 48.8609504 ], [ 2.3389103, 48.8609445 ], [ 2.338922, 48.8609664 ], [ 2.3389325, 48.8609881 ], [ 2.3388859, 48.8609987 ] ] ] } },
{ "type": "Feature", "properties": { "feature_id": "osm-way-455698475", "osm_way_id": "455698475", "osm_version": "4", "level": "1", "name": "Figurines en terre cuite grecques", "description": "Mapped indoor room at the Louvre Museum.", "source_url": "https://www.openstreetmap.org/way/455698475" }, "geometry": { "type": "Polygon", "coordinates": [ [ [ 2.3376376, 48.8599424 ], [ 2.3376214, 48.8599122 ], [ 2.3376165, 48.859903 ], [ 2.3376806, 48.8598887 ], [ 2.3378407, 48.8598529 ], [ 2.337848, 48.8598665 ], [ 2.3378616, 48.859892 ], [ 2.3378745, 48.859916 ], [ 2.3378811, 48.8599284 ], [ 2.3378855, 48.8599367 ], [ 2.3378818, 48.8599375 ], [ 2.3378741, 48.8599393 ], [ 2.3378595, 48.8599427 ], [ 2.3378515, 48.8599446 ], [ 2.3378119, 48.8599537 ], [ 2.3378033, 48.8599557 ], [ 2.3377893, 48.8599589 ], [ 2.3377804, 48.859961 ], [ 2.3377766, 48.8599619 ], [ 2.337772, 48.8599533 ], [ 2.3377239, 48.8599643 ], [ 2.3377199, 48.8599652 ], [ 2.3377109, 48.8599673 ], [ 2.3376629, 48.8599783 ], [ 2.3376576, 48.8599795 ], [ 2.3376507, 48.8599667 ], [ 2.3376376, 48.8599424 ] ] ] } },
{ "type": "Feature", "properties": { "feature_id": "osm-way-455699955", "osm_way_id": "455699955", "osm_version": "3", "level": "1", "name": "Figurines en terre cuite grecques", "description": "Mapped indoor room at the Louvre Museum.", "source_url": "https://www.openstreetmap.org/way/455699955" }, "geometry": { "type": "Polygon", "coordinates": [ [ [ 2.3379765, 48.8598636 ], [ 2.337997, 48.8599018 ], [ 2.3379905, 48.8599033 ], [ 2.3379426, 48.8599143 ], [ 2.3379287, 48.8599175 ], [ 2.3378811, 48.8599284 ], [ 2.3378745, 48.859916 ], [ 2.3378616, 48.859892 ], [ 2.337848, 48.8598665 ], [ 2.3378407, 48.8598529 ], [ 2.3379554, 48.8598273 ], [ 2.3379765, 48.8598636 ] ] ] } },
{ "type": "Feature", "properties": { "feature_id": "osm-way-455699956", "osm_way_id": "455699956", "osm_version": "7", "level": "1", "name": "Figurines en terre cuite grecques", "description": "Mapped indoor room at the Louvre Museum.", "source_url": "https://www.openstreetmap.org/way/455699956" }, "geometry": { "type": "Polygon", "coordinates": [ [ [ 2.3379765, 48.8598636 ], [ 2.3379554, 48.8598273 ], [ 2.3380521, 48.8598045 ], [ 2.3381036, 48.8597925 ], [ 2.3381056, 48.8597968 ], [ 2.338111, 48.8598069 ], [ 2.3381147, 48.8598138 ], [ 2.3381159, 48.8598166 ], [ 2.3381223, 48.8598285 ], [ 2.3381281, 48.859839 ], [ 2.338129, 48.8598413 ], [ 2.3381437, 48.8598664 ], [ 2.3381493, 48.8598764 ], [ 2.33813, 48.8598809 ], [ 2.3380921, 48.8598897 ], [ 2.3380821, 48.8598924 ], [ 2.3380685, 48.8598956 ], [ 2.3380595, 48.859898 ], [ 2.3380563, 48.8598988 ], [ 2.3380512, 48.8598894 ], [ 2.338004, 48.8599002 ], [ 2.337997, 48.8599018 ], [ 2.3379765, 48.8598636 ] ] ] } },
{ "type": "Feature", "properties": { "feature_id": "osm-way-479862757", "osm_way_id": "479862757", "osm_version": "5", "level": "1", "name": "Galerie Basile de Schlichting", "description": "Mapped indoor room at the Louvre Museum.", "source_url": "https://www.openstreetmap.org/way/479862757" }, "geometry": { "type": "Polygon", "coordinates": [ [ [ 2.3391796, 48.8608376 ], [ 2.3392026, 48.8608805 ], [ 2.3392266, 48.860917 ], [ 2.3392305, 48.8609235 ], [ 2.3392364, 48.8609318 ], [ 2.3392538, 48.860963 ], [ 2.3391868, 48.8609788 ], [ 2.3391797, 48.8609674 ], [ 2.3391695, 48.8609489 ], [ 2.3391632, 48.860939 ], [ 2.3391584, 48.8609297 ], [ 2.3391462, 48.8609057 ], [ 2.3391289, 48.860873 ], [ 2.3391183, 48.8608518 ], [ 2.3391508, 48.8608442 ], [ 2.3391796, 48.8608376 ] ] ] } },
{ "type": "Feature", "properties": { "feature_id": "osm-way-367790015", "osm_way_id": "367790015", "osm_version": "7", "level": "1", "name": "Galerie d'Apollon", "description": "Mapped indoor room at the Louvre Museum.", "source_url": "https://www.openstreetmap.org/way/367790015" }, "geometry": { "type": "Polygon", "coordinates": [ [ [ 2.3369064, 48.8600438 ], [ 2.3368461, 48.8600566 ], [ 2.3368109, 48.859985 ], [ 2.3368074, 48.8599779 ], [ 2.336794, 48.8599507 ], [ 2.3367902, 48.8599429 ], [ 2.3367549, 48.8598713 ], [ 2.3367307, 48.8598222 ], [ 2.3367166, 48.8597935 ], [ 2.3367111, 48.8597823 ], [ 2.3366885, 48.8597363 ], [ 2.3366513, 48.8596607 ], [ 2.3366269, 48.8596112 ], [ 2.3366021, 48.8595608 ], [ 2.3365778, 48.8595115 ], [ 2.3365721, 48.8594999 ], [ 2.3365766, 48.8594989 ], [ 2.3365806, 48.8594981 ], [ 2.3365729, 48.8594824 ], [ 2.3366944, 48.8594565 ], [ 2.3367022, 48.8594724 ], [ 2.3367205, 48.8594685 ], [ 2.3367744, 48.8595783 ], [ 2.3367752, 48.8595796 ], [ 2.3368368, 48.8597048 ], [ 2.3368439, 48.8597192 ], [ 2.3368586, 48.8597161 ], [ 2.3368724, 48.8597441 ], [ 2.3368861, 48.8597721 ], [ 2.3368748, 48.8597745 ], [ 2.3369419, 48.8599106 ], [ 2.3369824, 48.859993 ], [ 2.3369979, 48.8600243 ], [ 2.3369546, 48.8600335 ], [ 2.3369289, 48.860039 ], [ 2.3369064, 48.8600438 ] ] ] } },
{ "type": "Feature", "properties": { "feature_id": "osm-way-479713221", "osm_way_id": "479713221", "osm_version": "4", "level": "1", "name": "Galerie Edmond et Lily Safra", "description": "Mapped indoor room at the Louvre Museum.", "source_url": "https://www.openstreetmap.org/way/479713221" }, "geometry": { "type": "Polygon", "coordinates": [ [ [ 2.3384812, 48.8609775 ], [ 2.338488, 48.860976 ], [ 2.3385366, 48.8609652 ], [ 2.3385441, 48.8609635 ], [ 2.3385461, 48.8609674 ], [ 2.3385488, 48.8609727 ], [ 2.3385525, 48.8609798 ], [ 2.3385667, 48.8610042 ], [ 2.3385843, 48.8610342 ], [ 2.3385984, 48.8610582 ], [ 2.3386054, 48.8610701 ], [ 2.3386197, 48.8610945 ], [ 2.3385526, 48.8611095 ], [ 2.3385404, 48.861086 ], [ 2.3385346, 48.8610748 ], [ 2.3385296, 48.8610651 ], [ 2.338521, 48.8610484 ], [ 2.3385154, 48.8610379 ], [ 2.3385107, 48.8610288 ], [ 2.3384922, 48.8609934 ], [ 2.3384872, 48.8609862 ], [ 2.3384812, 48.8609775 ] ] ] } },
{ "type": "Feature", "properties": { "feature_id": "osm-way-481187492", "osm_way_id": "481187492", "osm_version": "4", "level": "1", "name": "Galerie Marie-Antoinette", "description": "Mapped indoor room at the Louvre Museum.", "source_url": "https://www.openstreetmap.org/way/481187492" }, "geometry": { "type": "Polygon", "coordinates": [ [ [ 2.3394509, 48.8607573 ], [ 2.3394579, 48.8607557 ], [ 2.3394785, 48.8607509 ], [ 2.3395055, 48.8607447 ], [ 2.339512, 48.8607431 ], [ 2.3395139, 48.8607475 ], [ 2.3395168, 48.8607539 ], [ 2.3395391, 48.8607957 ], [ 2.3395497, 48.8608155 ], [ 2.3395573, 48.8608296 ], [ 2.3395623, 48.8608392 ], [ 2.3395656, 48.8608453 ], [ 2.3395715, 48.8608561 ], [ 2.339511, 48.8608697 ], [ 2.3395055, 48.8608595 ], [ 2.3395036, 48.8608558 ], [ 2.339498, 48.8608455 ], [ 2.3394894, 48.8608294 ], [ 2.3394881, 48.8608272 ], [ 2.339479, 48.860812 ], [ 2.3394565, 48.8607678 ], [ 2.3394533, 48.8607618 ], [ 2.3394509, 48.8607573 ] ] ] } },
{ "type": "Feature", "properties": { "feature_id": "osm-way-451443637", "osm_way_id": "451443637", "osm_version": "3", "level": "1", "name": "Gilbert et Rose Marie Chagoury", "description": "Mapped indoor room at the Louvre Museum.", "source_url": "https://www.openstreetmap.org/way/451443637" }, "geometry": { "type": "Polygon", "coordinates": [ [ [ 2.3377281, 48.8611566 ], [ 2.3377495, 48.8611517 ], [ 2.3377595, 48.8611695 ], [ 2.3377613, 48.8611726 ], [ 2.337763, 48.8611758 ], [ 2.3377725, 48.8611926 ], [ 2.3377778, 48.8612021 ], [ 2.3377832, 48.8612115 ], [ 2.3377861, 48.8612166 ], [ 2.337789, 48.861222 ], [ 2.3378061, 48.8612525 ], [ 2.337783, 48.8612576 ], [ 2.3376934, 48.8612783 ], [ 2.3376675, 48.8612256 ], [ 2.3376555, 48.8612022 ], [ 2.3376441, 48.8611776 ], [ 2.3377082, 48.8611635 ], [ 2.3377052, 48.8611576 ], [ 2.3377165, 48.8611551 ], [ 2.3377184, 48.8611588 ], [ 2.3377281, 48.8611566 ] ] ] } },
{ "type": "Feature", "properties": { "feature_id": "osm-way-366143566", "osm_way_id": "366143566", "osm_version": "25", "level": "1", "name": "Grande Galerie", "description": "Mapped indoor room at the Louvre Museum.", "source_url": "https://www.openstreetmap.org/way/366143566" }, "geometry": { "type": "Polygon", "coordinates": [ [ [ 2.3361806, 48.8596106 ], [ 2.3362084, 48.8596076 ], [ 2.3362359, 48.8596118 ], [ 2.3362588, 48.8596226 ], [ 2.3362685, 48.8596396 ], [ 2.3362782, 48.8596567 ], [ 2.3362718, 48.8596747 ], [ 2.3362554, 48.8596898 ], [ 2.3362493, 48.8596923 ], [ 2.3362562, 48.8597038 ], [ 2.3362365, 48.8597085 ], [ 2.3362032, 48.8597166 ], [ 2.3361902, 48.8597199 ], [ 2.3361799, 48.8597224 ], [ 2.3361408, 48.8597321 ], [ 2.3361251, 48.8597359 ], [ 2.3359983, 48.8597648 ], [ 2.3358983, 48.8597893 ], [ 2.3358096, 48.859811 ], [ 2.3357145, 48.8598341 ], [ 2.3356283, 48.8598544 ], [ 2.3353857, 48.8599129 ], [ 2.335316, 48.8599297 ], [ 2.3353075, 48.8599317 ], [ 2.335266, 48.8599417 ], [ 2.335257, 48.8599439 ], [ 2.3352479, 48.8599461 ], [ 2.3352408, 48.8599478 ], [ 2.3352333, 48.8599496 ], [ 2.3352248, 48.8599517 ], [ 2.3352152, 48.859954 ], [ 2.3351739, 48.8599639 ], [ 2.33513, 48.8599745 ], [ 2.3350955, 48.8599828 ], [ 2.3347967, 48.8600505 ], [ 2.3343585, 48.86015 ], [ 2.3343418, 48.8601538 ], [ 2.3343187, 48.8601593 ], [ 2.3341664, 48.8601946 ], [ 2.3341166, 48.8602069 ], [ 2.3338493, 48.8602694 ], [ 2.3329346, 48.8604834 ], [ 2.3328337, 48.8605068 ], [ 2.3328063, 48.8604559 ], [ 2.3327809, 48.8604085 ], [ 2.3328818, 48.860385 ], [ 2.3337966, 48.8601702 ], [ 2.3347439, 48.8599479 ], [ 2.3353287, 48.8598107 ], [ 2.3355104, 48.8597669 ], [ 2.3359002, 48.8596772 ], [ 2.3359432, 48.8596674 ], [ 2.3360849, 48.8596342 ], [ 2.3361806, 48.8596106 ] ] ] } },
{ "type": "Feature", "properties": { "feature_id": "osm-way-442804475", "osm_way_id": "442804475", "osm_version": "8", "level": "1", "name": "Henri II", "description": "Antiquités étrusques", "source_url": "https://www.openstreetmap.org/way/442804475" }, "geometry": { "type": "Polygon", "coordinates": [ [ [ 2.3372798, 48.8601539 ], [ 2.3372639, 48.8601575 ], [ 2.3372566, 48.8601434 ], [ 2.3372496, 48.860145 ], [ 2.3372454, 48.8601368 ], [ 2.3372551, 48.8601346 ], [ 2.3372324, 48.8600909 ], [ 2.3372238, 48.8600928 ], [ 2.3372151, 48.8600759 ], [ 2.337206, 48.8600779 ], [ 2.3371998, 48.8600661 ], [ 2.3372539, 48.8600537 ], [ 2.3374547, 48.8600087 ], [ 2.337467, 48.8600058 ], [ 2.3374755, 48.8600038 ], [ 2.3374855, 48.8600015 ], [ 2.3375025, 48.8600343 ], [ 2.3375067, 48.8600424 ], [ 2.3375128, 48.860041 ], [ 2.3375158, 48.8600469 ], [ 2.3375086, 48.8600485 ], [ 2.3375224, 48.860075 ], [ 2.33753, 48.8600733 ], [ 2.3375326, 48.8600784 ], [ 2.3375248, 48.8600802 ], [ 2.33753, 48.8600902 ], [ 2.3375366, 48.8600887 ], [ 2.3375394, 48.8600941 ], [ 2.3375331, 48.8600955 ], [ 2.3375341, 48.8600973 ], [ 2.3375204, 48.8601003 ], [ 2.3375088, 48.8601028 ], [ 2.3375035, 48.860104 ], [ 2.3374982, 48.8601052 ], [ 2.3374815, 48.8601086 ], [ 2.3374795, 48.8601094 ], [ 2.3374687, 48.8601118 ], [ 2.3374591, 48.8601139 ], [ 2.3374532, 48.8601152 ], [ 2.3374095, 48.8601249 ], [ 2.3373746, 48.8601326 ], [ 2.3372798, 48.8601539 ] ] ] } },
{ "type": "Feature", "properties": { "feature_id": "osm-way-441897312", "osm_way_id": "441897312", "osm_version": "5", "level": "1", "name": "Histoire du Roi", "description": "Mobilier et objets d'art, 1660-1680", "source_url": "https://www.openstreetmap.org/way/441897312" }, "geometry": { "type": "Polygon", "coordinates": [ [ [ 2.3376263, 48.8608102 ], [ 2.3376124, 48.8607838 ], [ 2.3376089, 48.8607771 ], [ 2.3376056, 48.8607707 ], [ 2.3376015, 48.8607627 ], [ 2.3375921, 48.8607648 ], [ 2.337584, 48.8607491 ], [ 2.3377033, 48.860721 ], [ 2.337718, 48.8607175 ], [ 2.3377338, 48.8607138 ], [ 2.3377598, 48.8607077 ], [ 2.3377913, 48.8607002 ], [ 2.3378231, 48.8606927 ], [ 2.3378241, 48.8606925 ], [ 2.3378408, 48.8607252 ], [ 2.3378532, 48.8607224 ], [ 2.3378577, 48.8607232 ], [ 2.3378606, 48.860729 ], [ 2.3378575, 48.8607311 ], [ 2.3378452, 48.8607338 ], [ 2.337862, 48.8607666 ], [ 2.3378233, 48.8607751 ], [ 2.3377587, 48.8607896 ], [ 2.3376826, 48.8608065 ], [ 2.3376294, 48.8608185 ], [ 2.3376211, 48.8608204 ], [ 2.3376169, 48.8608124 ], [ 2.3376263, 48.8608102 ] ] ] } },
{ "type": "Feature", "properties": { "feature_id": "osm-way-636502277", "osm_way_id": "636502277", "osm_version": "1", "level": "1", "name": "Iconographie de la céramique grecque", "description": "Mapped indoor room at the Louvre Museum.", "source_url": "https://www.openstreetmap.org/way/636502277" }, "geometry": { "type": "Polygon", "coordinates": [ [ [ 2.3378915, 48.8597036 ], [ 2.3380203, 48.8596748 ], [ 2.3380262, 48.8596861 ], [ 2.3380614, 48.8596788 ], [ 2.3380685, 48.8596919 ], [ 2.3380748, 48.8597034 ], [ 2.3380397, 48.8597119 ], [ 2.3380643, 48.8597587 ], [ 2.3379355, 48.8597888 ], [ 2.3378915, 48.8597036 ] ] ] } },
{ "type": "Feature", "properties": { "feature_id": "osm-way-479709439", "osm_way_id": "479709439", "osm_version": "3", "level": "1", "name": "Isaac de Camondo", "description": "Mapped indoor room at the Louvre Museum.", "source_url": "https://www.openstreetmap.org/way/479709439" }, "geometry": { "type": "Polygon", "coordinates": [ [ [ 2.3380487, 48.861074 ], [ 2.3381292, 48.861056 ], [ 2.3381337, 48.8610652 ], [ 2.3381418, 48.8610818 ], [ 2.3381447, 48.8610877 ], [ 2.3381675, 48.861132 ], [ 2.3381751, 48.8611461 ], [ 2.3381796, 48.8611543 ], [ 2.3381854, 48.8611649 ], [ 2.3381048, 48.8611827 ], [ 2.338093, 48.8611598 ], [ 2.3380616, 48.861099 ], [ 2.3380487, 48.861074 ] ] ] } },
{ "type": "Feature", "properties": { "feature_id": "osm-way-479862747", "osm_way_id": "479862747", "osm_version": "2", "level": "1", "name": "Jean-François Leleu", "description": "Mapped indoor room at the Louvre Museum.", "source_url": "https://www.openstreetmap.org/way/479862747" }, "geometry": { "type": "Polygon", "coordinates": [ [ [ 2.3388308, 48.8610099 ], [ 2.3387879, 48.8610189 ], [ 2.3387648, 48.8609746 ], [ 2.3388078, 48.8609656 ], [ 2.3388203, 48.8609891 ], [ 2.3388308, 48.8610099 ] ] ] } },
{ "type": "Feature", "properties": { "feature_id": "osm-way-479713220", "osm_way_id": "479713220", "osm_version": "2", "level": "1", "name": "Jean-François Œben", "description": "Mapped indoor room at the Louvre Museum.", "source_url": "https://www.openstreetmap.org/way/479713220" }, "geometry": { "type": "Polygon", "coordinates": [ [ [ 2.338521, 48.8610484 ], [ 2.3385296, 48.8610651 ], [ 2.3385346, 48.8610748 ], [ 2.3385404, 48.861086 ], [ 2.3384627, 48.8611032 ], [ 2.3384566, 48.8610912 ], [ 2.3384435, 48.8610651 ], [ 2.3384348, 48.8610468 ], [ 2.3385107, 48.8610288 ], [ 2.3385154, 48.8610379 ], [ 2.338521, 48.8610484 ] ] ] } },
{ "type": "Feature", "properties": { "feature_id": "osm-way-479858091", "osm_way_id": "479858091", "osm_version": "3", "level": "1", "name": "L. Lafon", "description": "Mapped indoor room at the Louvre Museum.", "source_url": "https://www.openstreetmap.org/way/479858091" }, "geometry": { "type": "Polygon", "coordinates": [ [ [ 2.3386197, 48.8610945 ], [ 2.3386054, 48.8610701 ], [ 2.3385984, 48.8610582 ], [ 2.3385843, 48.8610342 ], [ 2.338597, 48.8610313 ], [ 2.3386089, 48.8610286 ], [ 2.3386778, 48.8610134 ], [ 2.3386989, 48.8610541 ], [ 2.3387037, 48.8610632 ], [ 2.3387093, 48.8610745 ], [ 2.3386197, 48.8610945 ] ] ] } },
{ "type": "Feature", "properties": { "feature_id": "osm-way-484356705", "osm_way_id": "484356705", "osm_version": "3", "level": "1", "name": "L'Ancien Empire", "description": "Mapped indoor room at the Louvre Museum.", "source_url": "https://www.openstreetmap.org/way/484356705" }, "geometry": { "type": "Polygon", "coordinates": [ [ [ 2.3395449, 48.860558 ], [ 2.3395427, 48.8605537 ], [ 2.3395264, 48.8605223 ], [ 2.3394888, 48.8604496 ], [ 2.3394723, 48.8604178 ], [ 2.33947, 48.8604134 ], [ 2.3394664, 48.8604062 ], [ 2.3394509, 48.8603764 ], [ 2.3394477, 48.8603702 ], [ 2.3394465, 48.860368 ], [ 2.3394301, 48.8603363 ], [ 2.3394261, 48.8603285 ], [ 2.3394254, 48.8603273 ], [ 2.3394945, 48.8603116 ], [ 2.3395118, 48.8603077 ], [ 2.3395375, 48.860302 ], [ 2.3395516, 48.860299 ], [ 2.339562, 48.8602967 ], [ 2.3395697, 48.8602949 ], [ 2.3395919, 48.8603379 ], [ 2.3396143, 48.860381 ], [ 2.3396892, 48.8605256 ], [ 2.3396686, 48.8605302 ], [ 2.33965, 48.8605343 ], [ 2.339627, 48.8605395 ], [ 2.3395735, 48.8605515 ], [ 2.3395449, 48.860558 ] ] ] } },
{ "type": "Feature", "properties": { "feature_id": "osm-way-484356703", "osm_way_id": "484356703", "osm_version": "2", "level": "1", "name": "L'époque de Nagada", "description": "vers 4000 - 3100 avant J.-C.", "source_url": "https://www.openstreetmap.org/way/484356703" }, "geometry": { "type": "Polygon", "coordinates": [ [ [ 2.3396414, 48.8607068 ], [ 2.3396375, 48.8606975 ], [ 2.3396202, 48.8607033 ], [ 2.3396111, 48.8606858 ], [ 2.3395867, 48.8606387 ], [ 2.3396699, 48.8606185 ], [ 2.3397107, 48.8606086 ], [ 2.3397297, 48.8606041 ], [ 2.339768, 48.860678 ], [ 2.3397251, 48.8606883 ], [ 2.3397123, 48.860691 ], [ 2.3396972, 48.8606946 ], [ 2.3396414, 48.8607068 ] ] ] } },
{ "type": "Feature", "properties": { "feature_id": "osm-way-484356701", "osm_way_id": "484356701", "osm_version": "1", "level": "1", "name": "L'époque thinite", "description": "Mapped indoor room at the Louvre Museum.", "source_url": "https://www.openstreetmap.org/way/484356701" }, "geometry": { "type": "Polygon", "coordinates": [ [ [ 2.3395867, 48.8606387 ], [ 2.3395842, 48.8606338 ], [ 2.3395683, 48.8606031 ], [ 2.3395652, 48.8605971 ], [ 2.3395638, 48.8605945 ], [ 2.3395474, 48.8605628 ], [ 2.3395449, 48.860558 ], [ 2.3395735, 48.8605515 ], [ 2.339627, 48.8605395 ], [ 2.33965, 48.8605343 ], [ 2.3396686, 48.8605302 ], [ 2.3396892, 48.8605256 ], [ 2.3397098, 48.8605651 ], [ 2.3397297, 48.8606041 ], [ 2.3397107, 48.8606086 ], [ 2.3396699, 48.8606185 ], [ 2.3395867, 48.8606387 ] ] ] } },
{ "type": "Feature", "properties": { "feature_id": "osm-way-442812606", "osm_way_id": "442812606", "osm_version": "3", "level": "1", "name": "Le Louvre d'aujourd'hui et de demain", "description": "Mapped indoor room at the Louvre Museum.", "source_url": "https://www.openstreetmap.org/way/442812606" }, "geometry": { "type": "Polygon", "coordinates": [ [ [ 2.3374407, 48.8605471 ], [ 2.3376482, 48.8605009 ], [ 2.3376845, 48.8605682 ], [ 2.3377154, 48.8606248 ], [ 2.3375055, 48.8606744 ], [ 2.337488, 48.8606408 ], [ 2.3374632, 48.8606464 ], [ 2.3374584, 48.860637 ], [ 2.3374828, 48.8606315 ], [ 2.3374732, 48.8606122 ], [ 2.3374617, 48.8605893 ], [ 2.3374378, 48.8605948 ], [ 2.3374334, 48.8605863 ], [ 2.3374581, 48.8605807 ], [ 2.3374407, 48.8605471 ] ] ] } },
{ "type": "Feature", "properties": { "feature_id": "osm-way-484360496", "osm_way_id": "484360496", "osm_version": "1", "level": "1", "name": "Le Moyen Empire", "description": "Mapped indoor room at the Louvre Museum.", "source_url": "https://www.openstreetmap.org/way/484360496" }, "geometry": { "type": "Polygon", "coordinates": [ [ [ 2.3393528, 48.8602627 ], [ 2.3393349, 48.8602273 ], [ 2.3393272, 48.8602143 ], [ 2.3393069, 48.860174 ], [ 2.3392993, 48.8601601 ], [ 2.339282, 48.8601259 ], [ 2.33931, 48.8601198 ], [ 2.3393295, 48.8601155 ], [ 2.3394311, 48.8600933 ], [ 2.3394459, 48.86009 ], [ 2.3394568, 48.8600876 ], [ 2.339463, 48.8600863 ], [ 2.3394795, 48.8600827 ], [ 2.3394999, 48.8600782 ], [ 2.3395704, 48.860211 ], [ 2.3395478, 48.8602177 ], [ 2.3395249, 48.8602233 ], [ 2.3395145, 48.8602256 ], [ 2.3395001, 48.8602291 ], [ 2.3394761, 48.8602343 ], [ 2.3394562, 48.8602388 ], [ 2.3393528, 48.8602627 ] ] ] } },
{ "type": "Feature", "properties": { "feature_id": "osm-way-458961840", "osm_way_id": "458961840", "osm_version": "6", "level": "1", "name": "Le Nouvel Empire", "description": "Mapped indoor room at the Louvre Museum.", "source_url": "https://www.openstreetmap.org/way/458961840" }, "geometry": { "type": "Polygon", "coordinates": [ [ [ 2.3390205, 48.8595946 ], [ 2.3390268, 48.8596012 ], [ 2.3390626, 48.8595933 ], [ 2.3390738, 48.8596141 ], [ 2.3390789, 48.8596242 ], [ 2.3390832, 48.8596325 ], [ 2.3390473, 48.8596405 ], [ 2.339046, 48.8596471 ], [ 2.3390448, 48.8596533 ], [ 2.3390411, 48.8596581 ], [ 2.339027, 48.8596644 ], [ 2.3390337, 48.8596773 ], [ 2.338995, 48.8596861 ], [ 2.3389861, 48.8596883 ], [ 2.3389716, 48.8596917 ], [ 2.3389632, 48.8596936 ], [ 2.33896, 48.8596944 ], [ 2.338955, 48.8596852 ], [ 2.3389082, 48.8596961 ], [ 2.3389014, 48.8596977 ], [ 2.3388956, 48.8596881 ], [ 2.3388789, 48.8596561 ], [ 2.3388563, 48.8596127 ], [ 2.3388814, 48.8596071 ], [ 2.3388937, 48.8596043 ], [ 2.3389057, 48.8596016 ], [ 2.3389367, 48.8595946 ], [ 2.3389848, 48.8595837 ], [ 2.3390011, 48.8595858 ], [ 2.3390089, 48.859587 ], [ 2.3390158, 48.8595881 ], [ 2.3390183, 48.8595916 ], [ 2.3390205, 48.8595946 ] ] ] } },
{ "type": "Feature", "properties": { "feature_id": "osm-way-458961841", "osm_way_id": "458961841", "osm_version": "3", "level": "1", "name": "Le Nouvel Empire", "description": "Mapped indoor room at the Louvre Museum.", "source_url": "https://www.openstreetmap.org/way/458961841" }, "geometry": { "type": "Polygon", "coordinates": [ [ [ 2.3388789, 48.8596561 ], [ 2.3388956, 48.8596881 ], [ 2.3389014, 48.8596977 ], [ 2.3388938, 48.8596995 ], [ 2.3388464, 48.8597106 ], [ 2.3388324, 48.8597139 ], [ 2.3387848, 48.8597251 ], [ 2.3387661, 48.8597295 ], [ 2.3387602, 48.8597187 ], [ 2.3387569, 48.8597124 ], [ 2.3387425, 48.8596849 ], [ 2.3387287, 48.8596585 ], [ 2.3387208, 48.8596434 ], [ 2.3387512, 48.8596365 ], [ 2.3387907, 48.8596276 ], [ 2.3388563, 48.8596127 ], [ 2.3388789, 48.8596561 ] ] ] } },
{ "type": "Feature", "properties": { "feature_id": "osm-way-484364115", "osm_way_id": "484364115", "osm_version": "2", "level": "1", "name": "Le Nouvel Empire", "description": "Mapped indoor room at the Louvre Museum.", "source_url": "https://www.openstreetmap.org/way/484364115" }, "geometry": { "type": "Polygon", "coordinates": [ [ [ 2.3391944, 48.8598616 ], [ 2.3391473, 48.8597733 ], [ 2.3391769, 48.8597661 ], [ 2.3392684, 48.859744 ], [ 2.3393148, 48.8597329 ], [ 2.3393625, 48.8598227 ], [ 2.3393408, 48.8598279 ], [ 2.3393162, 48.8598335 ], [ 2.3392173, 48.8598563 ], [ 2.3391944, 48.8598616 ] ] ] } },
{ "type": "Feature", "properties": { "feature_id": "osm-way-484364116", "osm_way_id": "484364116", "osm_version": "1", "level": "1", "name": "Le Nouvel Empire", "description": "Mapped indoor room at the Louvre Museum.", "source_url": "https://www.openstreetmap.org/way/484364116" }, "geometry": { "type": "Polygon", "coordinates": [ [ [ 2.3393295, 48.8601155 ], [ 2.3393123, 48.8600831 ], [ 2.3392823, 48.8600267 ], [ 2.339268, 48.8599999 ], [ 2.3392449, 48.8599564 ], [ 2.3392856, 48.8599475 ], [ 2.3393621, 48.8599308 ], [ 2.3394139, 48.8599195 ], [ 2.3394219, 48.8599343 ], [ 2.3394706, 48.8600242 ], [ 2.3394999, 48.8600782 ], [ 2.3394795, 48.8600827 ], [ 2.339463, 48.8600863 ], [ 2.3394568, 48.8600876 ], [ 2.3394459, 48.86009 ], [ 2.3394311, 48.8600933 ], [ 2.3393435, 48.8601124 ], [ 2.3393295, 48.8601155 ] ] ] } },
{ "type": "Feature", "properties": { "feature_id": "osm-way-484364119", "osm_way_id": "484364119", "osm_version": "3", "level": "1", "name": "Le Nouvel Empire", "description": "Mapped indoor room at the Louvre Museum.", "source_url": "https://www.openstreetmap.org/way/484364119" }, "geometry": { "type": "Polygon", "coordinates": [ [ [ 2.3391473, 48.8597733 ], [ 2.339129, 48.8597387 ], [ 2.3391219, 48.8597255 ], [ 2.3390866, 48.8596591 ], [ 2.3390957, 48.8596569 ], [ 2.3391022, 48.8596554 ], [ 2.3391425, 48.8596464 ], [ 2.3392334, 48.8596262 ], [ 2.3392556, 48.8596213 ], [ 2.3393148, 48.8597329 ], [ 2.3392684, 48.859744 ], [ 2.3391769, 48.8597661 ], [ 2.3391473, 48.8597733 ] ] ] } },
{ "type": "Feature", "properties": { "feature_id": "osm-way-484364122", "osm_way_id": "484364122", "osm_version": "3", "level": "1", "name": "Le Nouvel Empire", "description": "Mapped indoor room at the Louvre Museum.", "source_url": "https://www.openstreetmap.org/way/484364122" }, "geometry": { "type": "Polygon", "coordinates": [ [ [ 2.3392449, 48.8599564 ], [ 2.3392198, 48.8599093 ], [ 2.3391944, 48.8598616 ], [ 2.3392173, 48.8598563 ], [ 2.3393162, 48.8598335 ], [ 2.3393408, 48.8598279 ], [ 2.3393625, 48.8598227 ], [ 2.339407, 48.8599066 ], [ 2.3394139, 48.8599195 ], [ 2.3393621, 48.8599308 ], [ 2.3392856, 48.8599475 ], [ 2.3392449, 48.8599564 ] ] ] } },
{ "type": "Feature", "properties": { "feature_id": "osm-way-441897356", "osm_way_id": "441897356", "osm_version": "8", "level": "1", "name": "Louis XIV", "description": "Mobilier et objets d'art, 1670-1732", "source_url": "https://www.openstreetmap.org/way/441897356" }, "geometry": { "type": "Polygon", "coordinates": [ [ [ 2.3376294, 48.8608185 ], [ 2.3376826, 48.8608065 ], [ 2.3377587, 48.8607896 ], [ 2.3378233, 48.8607751 ], [ 2.337862, 48.8607666 ], [ 2.3378748, 48.8607637 ], [ 2.337879, 48.8607646 ], [ 2.3378817, 48.86077 ], [ 2.3378784, 48.8607722 ], [ 2.3378659, 48.8607749 ], [ 2.3378821, 48.8608067 ], [ 2.337896, 48.8608036 ], [ 2.3378967, 48.8608051 ], [ 2.3379038, 48.8608035 ], [ 2.3379064, 48.8608086 ], [ 2.3378985, 48.8608103 ], [ 2.3379042, 48.8608214 ], [ 2.3379118, 48.8608197 ], [ 2.3379151, 48.8608261 ], [ 2.3379085, 48.8608276 ], [ 2.3379162, 48.8608427 ], [ 2.337924, 48.860858 ], [ 2.3379302, 48.8608566 ], [ 2.3379331, 48.8608623 ], [ 2.3379264, 48.8608638 ], [ 2.3379321, 48.8608747 ], [ 2.3379392, 48.8608731 ], [ 2.3379421, 48.8608786 ], [ 2.3379351, 48.8608802 ], [ 2.3379362, 48.8608823 ], [ 2.337923, 48.8608852 ], [ 2.337939, 48.8609166 ], [ 2.3379517, 48.8609138 ], [ 2.3379558, 48.8609153 ], [ 2.3379585, 48.8609205 ], [ 2.3379558, 48.860923 ], [ 2.3379433, 48.8609257 ], [ 2.3379016, 48.8609349 ], [ 2.3378283, 48.8609511 ], [ 2.3377544, 48.8609675 ], [ 2.3377117, 48.860977 ], [ 2.3376871, 48.8609297 ], [ 2.3376783, 48.8609317 ], [ 2.3376741, 48.8609238 ], [ 2.3376833, 48.8609217 ], [ 2.3376579, 48.8608731 ], [ 2.3376493, 48.8608751 ], [ 2.3376452, 48.8608674 ], [ 2.3376538, 48.8608654 ], [ 2.3376294, 48.8608185 ] ] ] } },
{ "type": "Feature", "properties": { "feature_id": "osm-way-481187491", "osm_way_id": "481187491", "osm_version": "1", "level": "1", "name": "Louis XVI", "description": "Mapped indoor room at the Louvre Museum.", "source_url": "https://www.openstreetmap.org/way/481187491" }, "geometry": { "type": "Polygon", "coordinates": [ [ [ 2.3393202, 48.8607874 ], [ 2.3393354, 48.860784 ], [ 2.3393825, 48.8607731 ], [ 2.3393969, 48.8607698 ], [ 2.3394443, 48.8607588 ], [ 2.3394509, 48.8607573 ], [ 2.3394533, 48.8607618 ], [ 2.3394565, 48.8607678 ], [ 2.339479, 48.860812 ], [ 2.3394603, 48.8608166 ], [ 2.3393505, 48.8608442 ], [ 2.3393248, 48.8607956 ], [ 2.3393202, 48.8607874 ] ] ] } },
{ "type": "Feature", "properties": { "feature_id": "osm-way-479713218", "osm_way_id": "479713218", "osm_version": "2", "level": "1", "name": "Marie Leczczynska", "description": "Mapped indoor room at the Louvre Museum.", "source_url": "https://www.openstreetmap.org/way/479713218" }, "geometry": { "type": "Polygon", "coordinates": [ [ [ 2.3384435, 48.8610651 ], [ 2.3384566, 48.8610912 ], [ 2.3384627, 48.8611032 ], [ 2.3383845, 48.8611207 ], [ 2.3383789, 48.8611109 ], [ 2.3383738, 48.8611018 ], [ 2.338364, 48.8610828 ], [ 2.3383547, 48.8610645 ], [ 2.3383667, 48.861062 ], [ 2.3384348, 48.8610468 ], [ 2.3384435, 48.8610651 ] ] ] } },
{ "type": "Feature", "properties": { "feature_id": "osm-way-481189060", "osm_way_id": "481189060", "osm_version": "2", "level": "1", "name": "Marie-Antoinette", "description": "Mapped indoor room at the Louvre Museum.", "source_url": "https://www.openstreetmap.org/way/481189060" }, "geometry": { "type": "Polygon", "coordinates": [ [ [ 2.339512, 48.8607431 ], [ 2.3395985, 48.8607227 ], [ 2.3396005, 48.8607265 ], [ 2.3396045, 48.8607319 ], [ 2.339607, 48.8607373 ], [ 2.3396095, 48.8607424 ], [ 2.3396126, 48.8607485 ], [ 2.3396156, 48.860755 ], [ 2.3396261, 48.8607747 ], [ 2.3395391, 48.8607957 ], [ 2.3395168, 48.8607539 ], [ 2.3395139, 48.8607475 ], [ 2.339512, 48.8607431 ] ] ] } },
{ "type": "Feature", "properties": { "feature_id": "osm-way-479862745", "osm_way_id": "479862745", "osm_version": "2", "level": "1", "name": "Martin Carlin", "description": "Mapped indoor room at the Louvre Museum.", "source_url": "https://www.openstreetmap.org/way/479862745" }, "geometry": { "type": "Polygon", "coordinates": [ [ [ 2.3389325, 48.8609881 ], [ 2.338922, 48.8609664 ], [ 2.3389103, 48.8609445 ], [ 2.3389529, 48.860936 ], [ 2.3389749, 48.8609797 ], [ 2.3389325, 48.8609881 ] ] ] } },
{ "type": "Feature", "properties": { "feature_id": "osm-way-367784145", "osm_way_id": "367784145", "osm_version": "16", "level": "1", "name": "Mollien, romantisme", "description": "Peintures françaises", "source_url": "https://www.openstreetmap.org/way/367784145" }, "geometry": { "type": "Polygon", "coordinates": [ [ [ 2.3352802, 48.8603437 ], [ 2.3353051, 48.8603881 ], [ 2.3353138, 48.8604036 ], [ 2.3353209, 48.860416 ], [ 2.3353282, 48.8604289 ], [ 2.3353413, 48.8604524 ], [ 2.3353438, 48.860457 ], [ 2.3353476, 48.8604638 ], [ 2.3353512, 48.8604703 ], [ 2.3353524, 48.8604724 ], [ 2.3353645, 48.8604939 ], [ 2.335265, 48.8605181 ], [ 2.335032, 48.8605746 ], [ 2.3347316, 48.8606476 ], [ 2.3347258, 48.8606376 ], [ 2.3347189, 48.8606255 ], [ 2.3347014, 48.8605952 ], [ 2.3346921, 48.860579 ], [ 2.334683, 48.860563 ], [ 2.3346589, 48.8605202 ], [ 2.3346463, 48.8604976 ], [ 2.3347278, 48.8604777 ], [ 2.3349476, 48.8604243 ], [ 2.3351056, 48.860386 ], [ 2.3351847, 48.8603668 ], [ 2.3352802, 48.8603437 ] ] ] } },
{ "type": "Feature", "properties": { "feature_id": "osm-way-479711217", "osm_way_id": "479711217", "osm_version": "2", "level": "1", "name": "Nicolas et Marcelle Landau", "description": "Mapped indoor room at the Louvre Museum.", "source_url": "https://www.openstreetmap.org/way/479711217" }, "geometry": { "type": "Polygon", "coordinates": [ [ [ 2.3382144, 48.8610644 ], [ 2.3383051, 48.8610428 ], [ 2.3383398, 48.8610352 ], [ 2.3383547, 48.8610645 ], [ 2.338364, 48.8610828 ], [ 2.3383738, 48.8611018 ], [ 2.3383441, 48.8611085 ], [ 2.3382485, 48.8611305 ], [ 2.338246, 48.8611256 ], [ 2.3382144, 48.8610644 ] ] ] } },
{ "type": "Feature", "properties": { "feature_id": "osm-way-484360493", "osm_way_id": "484360493", "osm_version": "2", "level": "1", "name": "Pastels du XVIIIe siècle", "description": "Mapped indoor room at the Louvre Museum.", "source_url": "https://www.openstreetmap.org/way/484360493" }, "geometry": { "type": "Polygon", "coordinates": [ [ [ 2.3394945, 48.8603116 ], [ 2.339487, 48.8602977 ], [ 2.3394789, 48.8602828 ], [ 2.3394739, 48.8602732 ], [ 2.3394722, 48.86027 ], [ 2.3394562, 48.8602388 ], [ 2.3394761, 48.8602343 ], [ 2.3395001, 48.8602291 ], [ 2.3395375, 48.860302 ], [ 2.3395118, 48.8603077 ], [ 2.3394945, 48.8603116 ] ] ] } },
{ "type": "Feature", "properties": { "feature_id": "osm-way-479858092", "osm_way_id": "479858092", "osm_version": "2", "level": "1", "name": "Piranèse", "description": "Mapped indoor room at the Louvre Museum.", "source_url": "https://www.openstreetmap.org/way/479858092" }, "geometry": { "type": "Polygon", "coordinates": [ [ [ 2.3387204, 48.8610337 ], [ 2.3387511, 48.8610265 ], [ 2.3387661, 48.8610231 ], [ 2.3387879, 48.8610189 ], [ 2.3388308, 48.8610099 ], [ 2.3388859, 48.8609987 ], [ 2.3389325, 48.8609881 ], [ 2.3389749, 48.8609797 ], [ 2.3390052, 48.8609747 ], [ 2.3390225, 48.8609708 ], [ 2.3390359, 48.8609677 ], [ 2.339042, 48.8609795 ], [ 2.3390575, 48.8610095 ], [ 2.3390718, 48.8610397 ], [ 2.3390586, 48.8610427 ], [ 2.3390608, 48.8610469 ], [ 2.3390209, 48.8610559 ], [ 2.3390185, 48.8610513 ], [ 2.3389696, 48.8610622 ], [ 2.3389726, 48.8610681 ], [ 2.3389192, 48.86108 ], [ 2.3388674, 48.8610916 ], [ 2.338865, 48.8610869 ], [ 2.3388159, 48.8610979 ], [ 2.3388185, 48.8611028 ], [ 2.3387765, 48.8611128 ], [ 2.3387442, 48.8610835 ], [ 2.3387388, 48.8610679 ], [ 2.3387334, 48.8610574 ], [ 2.338728, 48.8610468 ], [ 2.3387204, 48.8610337 ] ] ] } },
{ "type": "Feature", "properties": { "feature_id": "osm-way-481187488", "osm_way_id": "481187488", "osm_version": "2", "level": "1", "name": "René Grog et Marie-Louise Grog-Carven", "description": "Mapped indoor room at the Louvre Museum.", "source_url": "https://www.openstreetmap.org/way/481187488" }, "geometry": { "type": "Polygon", "coordinates": [ [ [ 2.3391712, 48.8608219 ], [ 2.3391781, 48.8608204 ], [ 2.3392254, 48.8608094 ], [ 2.3392403, 48.8608059 ], [ 2.339245, 48.8608136 ], [ 2.3392732, 48.8608631 ], [ 2.3392026, 48.8608805 ], [ 2.3391796, 48.8608376 ], [ 2.3391755, 48.8608298 ], [ 2.3391712, 48.8608219 ] ] ] } },
{ "type": "Feature", "properties": { "feature_id": "osm-way-481187489", "osm_way_id": "481187489", "osm_version": "3", "level": "1", "name": "Robert-Joseph Auguste", "description": "Mapped indoor room at the Louvre Museum.", "source_url": "https://www.openstreetmap.org/way/481187489" }, "geometry": { "type": "Polygon", "coordinates": [ [ [ 2.3392364, 48.8609318 ], [ 2.3392305, 48.8609235 ], [ 2.3392266, 48.860917 ], [ 2.3392026, 48.8608805 ], [ 2.3392732, 48.8608631 ], [ 2.3392875, 48.8608597 ], [ 2.3393001, 48.8608816 ], [ 2.3393112, 48.8608981 ], [ 2.3393192, 48.860913 ], [ 2.3393029, 48.8609166 ], [ 2.3392364, 48.8609318 ] ] ] } },
{ "type": "Feature", "properties": { "feature_id": "osm-way-479713222", "osm_way_id": "479713222", "osm_version": "1", "level": "1", "name": "Rocaille", "description": "Mapped indoor room at the Louvre Museum.", "source_url": "https://www.openstreetmap.org/way/479713222" }, "geometry": { "type": "Polygon", "coordinates": [ [ [ 2.3383281, 48.8610116 ], [ 2.3384077, 48.8609938 ], [ 2.3384133, 48.8610049 ], [ 2.3384188, 48.8610158 ], [ 2.3384348, 48.8610468 ], [ 2.3383667, 48.861062 ], [ 2.3383547, 48.8610645 ], [ 2.3383398, 48.8610352 ], [ 2.3383332, 48.8610219 ], [ 2.3383281, 48.8610116 ] ] ] } },
{ "type": "Feature", "properties": { "feature_id": "osm-way-367790014", "osm_way_id": "367790014", "osm_version": "3", "level": "1", "name": "Rotonde d'Apollon", "description": "Mapped indoor room at the Louvre Museum.", "source_url": "https://www.openstreetmap.org/way/367790014" }, "geometry": { "type": "Polygon", "coordinates": [ [ [ 2.3368591, 48.8601035 ], [ 2.336862, 48.8600807 ], [ 2.336879, 48.8600593 ], [ 2.3369064, 48.8600438 ], [ 2.3369289, 48.860039 ], [ 2.3369546, 48.8600335 ], [ 2.3369931, 48.8600337 ], [ 2.3370282, 48.8600439 ], [ 2.3370417, 48.8600616 ], [ 2.337048, 48.8600778 ], [ 2.3370514, 48.8600965 ], [ 2.3370436, 48.8601092 ], [ 2.3370312, 48.8601215 ], [ 2.3370346, 48.860128 ], [ 2.3370387, 48.8601276 ], [ 2.3370419, 48.8601338 ], [ 2.3370427, 48.8601402 ], [ 2.3370302, 48.8601434 ], [ 2.3370322, 48.8601478 ], [ 2.33702, 48.8601503 ], [ 2.337016, 48.8601447 ], [ 2.3369465, 48.8601604 ], [ 2.3369503, 48.8601664 ], [ 2.3369377, 48.8601695 ], [ 2.3369343, 48.8601645 ], [ 2.3369217, 48.8601676 ], [ 2.3369117, 48.8601528 ], [ 2.3369162, 48.8601514 ], [ 2.3369134, 48.8601459 ], [ 2.3369023, 48.860144 ], [ 2.3368859, 48.860139 ], [ 2.336877, 48.8601331 ], [ 2.3368677, 48.8601201 ], [ 2.3368591, 48.8601035 ] ] ] } },
{ "type": "Feature", "properties": { "feature_id": "osm-way-451443636", "osm_way_id": "451443636", "osm_version": "2", "level": "1", "name": "Rotonde Jean Boulogne", "description": "Mapped indoor room at the Louvre Museum.", "source_url": "https://www.openstreetmap.org/way/451443636" }, "geometry": { "type": "Polygon", "coordinates": [ [ [ 2.3374552, 48.8612515 ], [ 2.3374383, 48.8612209 ], [ 2.3374442, 48.8612093 ], [ 2.337451, 48.8612036 ], [ 2.3374433, 48.8611887 ], [ 2.3374436, 48.8611839 ], [ 2.3374552, 48.8611812 ], [ 2.3374528, 48.8611768 ], [ 2.337466, 48.8611737 ], [ 2.3374696, 48.8611803 ], [ 2.3375326, 48.8611656 ], [ 2.3375295, 48.8611598 ], [ 2.3375424, 48.8611569 ], [ 2.3375447, 48.8611611 ], [ 2.3375558, 48.8611585 ], [ 2.3375572, 48.8611612 ], [ 2.3375596, 48.8611606 ], [ 2.3375686, 48.8611775 ], [ 2.3375959, 48.8611856 ], [ 2.33763, 48.8611781 ], [ 2.3376284, 48.861175 ], [ 2.3376413, 48.8611722 ], [ 2.3376441, 48.8611776 ], [ 2.3376555, 48.8612022 ], [ 2.3376675, 48.8612256 ], [ 2.3376218, 48.8612365 ], [ 2.3376141, 48.8612623 ], [ 2.3375953, 48.8612767 ], [ 2.3375657, 48.8612834 ], [ 2.3375399, 48.8612893 ], [ 2.3375065, 48.8612865 ], [ 2.3374691, 48.861273 ], [ 2.3374552, 48.8612515 ] ] ] } },
{ "type": "Feature", "properties": { "feature_id": "osm-way-492611501", "osm_way_id": "492611501", "osm_version": "1", "level": "1", "name": "Salle 7", "description": "Mapped indoor room at the Louvre Museum.", "source_url": "https://www.openstreetmap.org/way/492611501" }, "geometry": { "type": "Polygon", "coordinates": [ [ [ 2.3352861, 48.8603253 ], [ 2.335258, 48.860275 ], [ 2.3353282, 48.860258 ], [ 2.3355008, 48.8602176 ], [ 2.3355489, 48.8602063 ], [ 2.3355759, 48.8602546 ], [ 2.3355609, 48.8602582 ], [ 2.3355501, 48.8602608 ], [ 2.3355395, 48.8602634 ], [ 2.3354789, 48.8602783 ], [ 2.3354423, 48.8602872 ], [ 2.3354053, 48.8602962 ], [ 2.3353536, 48.860309 ], [ 2.3353426, 48.8603117 ], [ 2.3353321, 48.8603142 ], [ 2.3352861, 48.8603253 ] ] ] } },
{ "type": "Feature", "properties": { "feature_id": "osm-way-442804458", "osm_way_id": "442804458", "osm_version": "13", "level": "1", "name": "Salle des bronzes", "description": "Antiquités étrusques", "source_url": "https://www.openstreetmap.org/way/442804458" }, "geometry": { "type": "Polygon", "coordinates": [ [ [ 2.3372798, 48.8601539 ], [ 2.3373629, 48.8601353 ], [ 2.3374095, 48.8601249 ], [ 2.3374532, 48.8601152 ], [ 2.3374591, 48.8601139 ], [ 2.3374687, 48.8601118 ], [ 2.3374795, 48.8601094 ], [ 2.3374815, 48.8601086 ], [ 2.3374982, 48.8601052 ], [ 2.3375035, 48.860104 ], [ 2.3375088, 48.8601028 ], [ 2.3375204, 48.8601003 ], [ 2.3375374, 48.8601331 ], [ 2.3375533, 48.8601296 ], [ 2.3375571, 48.8601371 ], [ 2.3375413, 48.8601406 ], [ 2.3375584, 48.8601737 ], [ 2.3375747, 48.86017 ], [ 2.3375786, 48.8601774 ], [ 2.3375615, 48.8601813 ], [ 2.3375783, 48.8602136 ], [ 2.3375912, 48.8602107 ], [ 2.3375923, 48.8602129 ], [ 2.3376006, 48.860211 ], [ 2.3376032, 48.8602161 ], [ 2.3375952, 48.8602179 ], [ 2.3376008, 48.8602289 ], [ 2.3376078, 48.8602273 ], [ 2.3376107, 48.8602331 ], [ 2.3376036, 48.8602347 ], [ 2.3376197, 48.8602657 ], [ 2.3376273, 48.860264 ], [ 2.3376302, 48.8602696 ], [ 2.3376221, 48.8602714 ], [ 2.3376276, 48.8602821 ], [ 2.3376355, 48.8602804 ], [ 2.3376384, 48.860286 ], [ 2.3376315, 48.8602876 ], [ 2.3376325, 48.8602895 ], [ 2.3376189, 48.8602925 ], [ 2.3376354, 48.8603244 ], [ 2.3376506, 48.860321 ], [ 2.3376545, 48.8603286 ], [ 2.3376392, 48.860332 ], [ 2.3376567, 48.8603656 ], [ 2.3376734, 48.8603618 ], [ 2.3376774, 48.8603694 ], [ 2.3376608, 48.8603732 ], [ 2.3376763, 48.860403 ], [ 2.3376661, 48.8604045 ], [ 2.3376617, 48.8604056 ], [ 2.3376528, 48.8604076 ], [ 2.3376439, 48.8604097 ], [ 2.3376362, 48.8604115 ], [ 2.3376285, 48.8604133 ], [ 2.3376182, 48.8604157 ], [ 2.3376097, 48.8604177 ], [ 2.3376034, 48.8604192 ], [ 2.3375773, 48.8604253 ], [ 2.3375574, 48.86043 ], [ 2.3375299, 48.8604365 ], [ 2.3374961, 48.8604444 ], [ 2.3374357, 48.8604579 ], [ 2.3374265, 48.8604402 ], [ 2.337436, 48.8604381 ], [ 2.337412, 48.8603917 ], [ 2.3374027, 48.8603938 ], [ 2.3373982, 48.8603851 ], [ 2.3374078, 48.860383 ], [ 2.3373837, 48.8603364 ], [ 2.3373743, 48.8603385 ], [ 2.3373699, 48.8603301 ], [ 2.3373795, 48.8603279 ], [ 2.3373554, 48.8602814 ], [ 2.3373467, 48.8602834 ], [ 2.3373422, 48.8602747 ], [ 2.3373515, 48.8602726 ], [ 2.3373273, 48.8602259 ], [ 2.3373182, 48.8602279 ], [ 2.3373138, 48.8602193 ], [ 2.3373233, 48.8602171 ], [ 2.3372993, 48.8601707 ], [ 2.3372896, 48.8601728 ], [ 2.3372798, 48.8601539 ] ] ] } },
{ "type": "Feature", "properties": { "feature_id": "osm-way-455699957", "osm_way_id": "455699957", "osm_version": "4", "level": "1", "name": "Salle des colonnes", "description": "Mapped indoor room at the Louvre Museum.", "source_url": "https://www.openstreetmap.org/way/455699957" }, "geometry": { "type": "Polygon", "coordinates": [ [ [ 2.3381281, 48.859839 ], [ 2.3381223, 48.8598285 ], [ 2.3381159, 48.8598166 ], [ 2.3381357, 48.859812 ], [ 2.3381499, 48.8598086 ], [ 2.3381371, 48.8597851 ], [ 2.3382116, 48.8597676 ], [ 2.3382341, 48.8597623 ], [ 2.3382609, 48.859756 ], [ 2.3383503, 48.859735 ], [ 2.3383731, 48.8597296 ], [ 2.3383781, 48.8597389 ], [ 2.3383966, 48.859773 ], [ 2.3384073, 48.8597926 ], [ 2.33842, 48.8598161 ], [ 2.3384125, 48.8598179 ], [ 2.3384156, 48.8598236 ], [ 2.3384104, 48.8598248 ], [ 2.3384175, 48.8598381 ], [ 2.3383964, 48.859843 ], [ 2.3383938, 48.8598384 ], [ 2.3383417, 48.8598506 ], [ 2.3383438, 48.8598544 ], [ 2.3383227, 48.8598593 ], [ 2.3383201, 48.8598545 ], [ 2.3382609, 48.8598685 ], [ 2.3382634, 48.8598731 ], [ 2.3382406, 48.8598785 ], [ 2.3382378, 48.8598734 ], [ 2.3381914, 48.8598843 ], [ 2.3381638, 48.8598335 ], [ 2.3381624, 48.8598309 ], [ 2.3381566, 48.8598323 ], [ 2.3381405, 48.8598361 ], [ 2.3381281, 48.859839 ] ] ] } },
{ "type": "Feature", "properties": { "feature_id": "osm-way-367700350", "osm_way_id": "367700350", "osm_version": "19", "level": "1", "name": "Salle des États", "description": "Mapped indoor room at the Louvre Museum.", "source_url": "https://www.openstreetmap.org/way/367700350" }, "geometry": { "type": "Polygon", "coordinates": [ [ [ 2.3353857, 48.8599129 ], [ 2.3353974, 48.859934 ], [ 2.3354253, 48.8599842 ], [ 2.335457, 48.8600411 ], [ 2.3354894, 48.8600993 ], [ 2.3355162, 48.8601475 ], [ 2.3355337, 48.8601789 ], [ 2.3355759, 48.8602546 ], [ 2.3355609, 48.8602582 ], [ 2.3355501, 48.8602608 ], [ 2.3355395, 48.8602634 ], [ 2.3354789, 48.8602783 ], [ 2.3354423, 48.8602872 ], [ 2.3354053, 48.8602962 ], [ 2.3353536, 48.860309 ], [ 2.3353426, 48.8603117 ], [ 2.3353321, 48.8603142 ], [ 2.3352861, 48.8603253 ], [ 2.335226, 48.8602174 ], [ 2.3351672, 48.8601118 ], [ 2.3351072, 48.8600039 ], [ 2.3350955, 48.8599828 ], [ 2.33513, 48.8599745 ], [ 2.3351739, 48.8599639 ], [ 2.3352152, 48.859954 ], [ 2.3352248, 48.8599517 ], [ 2.3352333, 48.8599496 ], [ 2.3352408, 48.8599478 ], [ 2.3352479, 48.8599461 ], [ 2.335257, 48.8599439 ], [ 2.335266, 48.8599417 ], [ 2.3353075, 48.8599317 ], [ 2.335316, 48.8599297 ], [ 2.3353857, 48.8599129 ] ] ] } },
{ "type": "Feature", "properties": { "feature_id": "osm-way-492611500", "osm_way_id": "492611500", "osm_version": "6", "level": "1", "name": "Salle des États", "description": "Salle présentant la Joconde, les Noces de Cana et la peinture vénitienne du XVIe siècle", "source_url": "https://www.openstreetmap.org/way/492611500" }, "geometry": { "type": "Polygon", "coordinates": [ [ [ 2.3353282, 48.860258 ], [ 2.335258, 48.860275 ], [ 2.335226, 48.8602174 ], [ 2.3351672, 48.8601118 ], [ 2.3351072, 48.8600039 ], [ 2.3350955, 48.8599828 ], [ 2.33513, 48.8599745 ], [ 2.3351739, 48.8599639 ], [ 2.3352152, 48.859954 ], [ 2.3352248, 48.8599517 ], [ 2.3352333, 48.8599496 ], [ 2.3352408, 48.8599478 ], [ 2.3352479, 48.8599461 ], [ 2.335257, 48.8599439 ], [ 2.335266, 48.8599417 ], [ 2.3353075, 48.8599317 ], [ 2.335316, 48.8599297 ], [ 2.3353857, 48.8599129 ], [ 2.3353974, 48.859934 ], [ 2.3354253, 48.8599842 ], [ 2.335457, 48.8600411 ], [ 2.3354894, 48.8600993 ], [ 2.3355162, 48.8601475 ], [ 2.3355337, 48.8601789 ], [ 2.3355489, 48.8602063 ], [ 2.3355008, 48.8602176 ], [ 2.3353282, 48.860258 ] ] ] } },
{ "type": "Feature", "properties": { "feature_id": "osm-way-366134896", "osm_way_id": "366134896", "osm_version": "20", "level": "1", "name": "Salle des Sept-Mètres", "description": "La peinture à Sienne et en Italie du Nord du XIIIe au XVe siècle - Simone Martini, Sassetta, Pisanello, Piero della Francesca", "source_url": "https://www.openstreetmap.org/way/366134896" }, "geometry": { "type": "Polygon", "coordinates": [ [ [ 2.3363146, 48.8600691 ], [ 2.3362845, 48.8600163 ], [ 2.3362751, 48.8599997 ], [ 2.3362726, 48.8599954 ], [ 2.3362702, 48.8599912 ], [ 2.3362526, 48.8599606 ], [ 2.3361313, 48.859748 ], [ 2.3361251, 48.8597359 ], [ 2.3361408, 48.8597321 ], [ 2.3361799, 48.8597224 ], [ 2.3361902, 48.8597199 ], [ 2.3362032, 48.8597166 ], [ 2.3362365, 48.8597085 ], [ 2.3362562, 48.8597038 ], [ 2.3362622, 48.8597157 ], [ 2.3362767, 48.859741 ], [ 2.3362775, 48.8597424 ], [ 2.3362787, 48.8597445 ], [ 2.3362799, 48.8597467 ], [ 2.3362922, 48.8597683 ], [ 2.3363028, 48.8597868 ], [ 2.3363051, 48.8597908 ], [ 2.3363077, 48.8597954 ], [ 2.3363293, 48.8598333 ], [ 2.3363804, 48.8599227 ], [ 2.336384, 48.8599291 ], [ 2.3364455, 48.8600367 ], [ 2.3364304, 48.8600405 ], [ 2.3364219, 48.8600426 ], [ 2.336407, 48.8600463 ], [ 2.3363861, 48.8600514 ], [ 2.3363695, 48.8600555 ], [ 2.3363146, 48.8600691 ] ] ] } },
{ "type": "Feature", "properties": { "feature_id": "osm-way-442807359", "osm_way_id": "442807359", "osm_version": "2", "level": "1", "name": "Salle des verres", "description": "Antiquités grecques, étrusques et romaines", "source_url": "https://www.openstreetmap.org/way/442807359" }, "geometry": { "type": "Polygon", "coordinates": [ [ [ 2.3371457, 48.8599583 ], [ 2.3371763, 48.8600182 ], [ 2.3371885, 48.8600411 ], [ 2.3371986, 48.8600644 ], [ 2.3371853, 48.8600673 ], [ 2.3371867, 48.8600701 ], [ 2.3371662, 48.8600745 ], [ 2.3371692, 48.8600807 ], [ 2.3371585, 48.860083 ], [ 2.3371561, 48.860078 ], [ 2.3370913, 48.860092 ], [ 2.3370941, 48.8600975 ], [ 2.3370816, 48.8601002 ], [ 2.337079, 48.860095 ], [ 2.3370604, 48.860099 ], [ 2.3370584, 48.860095 ], [ 2.3370417, 48.8600616 ], [ 2.3370053, 48.8599886 ], [ 2.3371416, 48.8599591 ], [ 2.3371457, 48.8599583 ] ] ] } },
{ "type": "Feature", "properties": { "feature_id": "osm-way-366143569", "osm_way_id": "366143569", "osm_version": "7", "level": "1", "name": "Salle Duchâtel", "description": "Fresques de Fra Angelico et Bernardino Luini (XVe - XVIe siècles)", "source_url": "https://www.openstreetmap.org/way/366143569" }, "geometry": { "type": "Polygon", "coordinates": [ [ [ 2.3365919, 48.8598231 ], [ 2.3365837, 48.8598084 ], [ 2.3365179, 48.8596914 ], [ 2.3365785, 48.859678 ], [ 2.3366513, 48.8596607 ], [ 2.3366885, 48.8597363 ], [ 2.3367111, 48.8597823 ], [ 2.3367166, 48.8597935 ], [ 2.3366539, 48.8598086 ], [ 2.3365919, 48.8598231 ] ] ] } },
{ "type": "Feature", "properties": { "feature_id": "osm-way-367790013", "osm_way_id": "367790013", "osm_version": "9", "level": "1", "name": "Salles Percier et Fontaine", "description": "Peintures murales de Botticelli", "source_url": "https://www.openstreetmap.org/way/367790013" }, "geometry": { "type": "Polygon", "coordinates": [ [ [ 2.3365919, 48.8598231 ], [ 2.3366539, 48.8598086 ], [ 2.3367166, 48.8597935 ], [ 2.3367307, 48.8598222 ], [ 2.3367549, 48.8598713 ], [ 2.3367902, 48.8599429 ], [ 2.336794, 48.8599507 ], [ 2.3367757, 48.8599554 ], [ 2.3367456, 48.859963 ], [ 2.3366931, 48.8599762 ], [ 2.3366798, 48.8599795 ], [ 2.3366361, 48.8599017 ], [ 2.3366135, 48.8598615 ], [ 2.3365919, 48.8598231 ] ] ] } },
{ "type": "Feature", "properties": { "feature_id": "osm-way-366143567", "osm_way_id": "366143567", "osm_version": "11", "level": "1", "name": "Salon carré", "description": "Peintures italiennes, maîtres florentins de la fin du XIIIe siècle aux années 1460-1470", "source_url": "https://www.openstreetmap.org/way/366143567" }, "geometry": { "type": "Polygon", "coordinates": [ [ [ 2.3362863, 48.8596158 ], [ 2.3362692, 48.8595845 ], [ 2.3365778, 48.8595115 ], [ 2.3366021, 48.8595608 ], [ 2.3366269, 48.8596112 ], [ 2.3366513, 48.8596607 ], [ 2.3365785, 48.859678 ], [ 2.3365179, 48.8596914 ], [ 2.3363499, 48.8597323 ], [ 2.336305, 48.8596501 ], [ 2.3362782, 48.8596567 ], [ 2.3362685, 48.8596396 ], [ 2.3362588, 48.8596226 ], [ 2.3362863, 48.8596158 ] ] ] } },
{ "type": "Feature", "properties": { "feature_id": "osm-way-367780082", "osm_way_id": "367780082", "osm_version": "11", "level": "1", "name": "Salon Denon", "description": "Mapped indoor room at the Louvre Museum.", "source_url": "https://www.openstreetmap.org/way/367780082" }, "geometry": { "type": "Polygon", "coordinates": [ [ [ 2.33572, 48.8604181 ], [ 2.3357236, 48.8604246 ], [ 2.335694, 48.8604318 ], [ 2.3357028, 48.8604474 ], [ 2.3356721, 48.8604549 ], [ 2.3356641, 48.8604406 ], [ 2.3356151, 48.8604525 ], [ 2.3356281, 48.8604758 ], [ 2.3355961, 48.8604836 ], [ 2.3355881, 48.8604693 ], [ 2.3355186, 48.8604862 ], [ 2.3355266, 48.8605006 ], [ 2.335495, 48.8605083 ], [ 2.3354822, 48.8604855 ], [ 2.335433, 48.8604974 ], [ 2.3354414, 48.8605124 ], [ 2.3354108, 48.8605192 ], [ 2.335402, 48.8605036 ], [ 2.3353738, 48.8605105 ], [ 2.3353705, 48.8605047 ], [ 2.3353645, 48.8604939 ], [ 2.3353524, 48.8604724 ], [ 2.3353512, 48.8604703 ], [ 2.3353476, 48.8604638 ], [ 2.3353438, 48.860457 ], [ 2.3353413, 48.8604524 ], [ 2.3353282, 48.8604289 ], [ 2.3353209, 48.860416 ], [ 2.3353138, 48.8604036 ], [ 2.3353051, 48.8603881 ], [ 2.3352802, 48.8603437 ], [ 2.3353405, 48.8603292 ], [ 2.3353513, 48.8603266 ], [ 2.335362, 48.8603239 ], [ 2.3354138, 48.8603112 ], [ 2.3354053, 48.8602962 ], [ 2.3354423, 48.8602872 ], [ 2.3354789, 48.8602783 ], [ 2.3354876, 48.8602937 ], [ 2.3355484, 48.8602792 ], [ 2.3355591, 48.8602766 ], [ 2.3355698, 48.860274 ], [ 2.3356299, 48.8602583 ], [ 2.3356537, 48.8603003 ], [ 2.3356639, 48.8603184 ], [ 2.3356711, 48.8603311 ], [ 2.3356784, 48.860344 ], [ 2.3357004, 48.8603829 ], [ 2.3357045, 48.86039 ], [ 2.3357079, 48.860396 ], [ 2.3357103, 48.8604003 ], [ 2.33572, 48.8604181 ] ] ] } },
{ "type": "Feature", "properties": { "feature_id": "osm-way-442806812", "osm_way_id": "442806812", "osm_version": "7", "level": "1", "name": "Salon des Sept-Cheminées", "description": "Donation Carlos de Beistegui", "source_url": "https://www.openstreetmap.org/way/442806812" }, "geometry": { "type": "Polygon", "coordinates": [ [ [ 2.3371986, 48.8600644 ], [ 2.3371885, 48.8600411 ], [ 2.3371763, 48.8600182 ], [ 2.3371457, 48.8599583 ], [ 2.3371416, 48.8599591 ], [ 2.3371021, 48.8598668 ], [ 2.3371675, 48.8598547 ], [ 2.3371686, 48.8598518 ], [ 2.3373506, 48.8598083 ], [ 2.3373582, 48.859823 ], [ 2.3374132, 48.8599293 ], [ 2.3374288, 48.8599605 ], [ 2.337442, 48.859985 ], [ 2.3374547, 48.8600087 ], [ 2.3372539, 48.8600537 ], [ 2.3371998, 48.8600661 ], [ 2.3371986, 48.8600644 ] ] ] } },
{ "type": "Feature", "properties": { "feature_id": "osm-way-441897392", "osm_way_id": "441897392", "osm_version": "7", "level": "1", "name": "Stavros S. Niarchos", "description": "Orfèvrerie et céramique de Louis XIV à la Rocaille, 1650-1750", "source_url": "https://www.openstreetmap.org/way/441897392" }, "geometry": { "type": "Polygon", "coordinates": [ [ [ 2.3377598, 48.8611246 ], [ 2.3377997, 48.8611148 ], [ 2.3378255, 48.8611085 ], [ 2.337834, 48.8611064 ], [ 2.3378417, 48.8611045 ], [ 2.3378529, 48.8611017 ], [ 2.3378606, 48.8610998 ], [ 2.3378691, 48.8610977 ], [ 2.33788, 48.8610951 ], [ 2.337888, 48.8610931 ], [ 2.3378962, 48.8610912 ], [ 2.3379695, 48.8610731 ], [ 2.3380264, 48.8610591 ], [ 2.3380329, 48.8610589 ], [ 2.3380396, 48.8610607 ], [ 2.3380434, 48.8610641 ], [ 2.3380487, 48.861074 ], [ 2.3380616, 48.861099 ], [ 2.338093, 48.8611598 ], [ 2.3381048, 48.8611827 ], [ 2.3381094, 48.8611913 ], [ 2.3380703, 48.8611999 ], [ 2.3380795, 48.8612183 ], [ 2.3378415, 48.861273 ], [ 2.3378148, 48.8612246 ], [ 2.3378106, 48.8612169 ], [ 2.3378077, 48.8612116 ], [ 2.3378049, 48.8612064 ], [ 2.3378039, 48.8612046 ], [ 2.3377912, 48.8611815 ], [ 2.3377852, 48.8611706 ], [ 2.3377834, 48.8611674 ], [ 2.3377817, 48.8611643 ], [ 2.3377598, 48.8611246 ] ] ] } }
]
}
